,ts_code,symbol,name,area,industry,list_date
0,000001.SZ,1,平安银行,深圳,银行,19910403
1,000002.SZ,2,万科A,深圳,全国地产,19910129
2,000004.SZ,4,ST国华,深圳,软件服务,19910114
3,000005.SZ,5,ST星源,深圳,环境保护,19901210
4,000006.SZ,6,深振业A,深圳,区域地产,19920427
5,000007.SZ,7,全新好,深圳,其他商业,19920413
6,000008.SZ,8,神州高铁,北京,运输设备,19920507
7,000009.SZ,9,中国宝安,深圳,电气设备,19910625
8,000010.SZ,10,美丽生态,深圳,建筑工程,19951027
9,000011.SZ,11,深物业A,深圳,区域地产,19920330
10,000012.SZ,12,南玻A,深圳,玻璃,19920228
11,000014.SZ,14,沙河股份,深圳,全国地产,19920602
12,000016.SZ,16,深康佳A,深圳,家用电器,19920327
13,000017.SZ,17,深中华A,深圳,服饰,19920331
14,000019.SZ,19,深粮控股,深圳,农业综合,19921012
15,000020.SZ,20,深华发A,深圳,元器件,19920428
16,000021.SZ,21,深科技,深圳,IT设备,19940202
17,000023.SZ,23,深天地A,深圳,水泥,19930429
18,000025.SZ,25,特力A,深圳,汽车服务,19930621
19,000026.SZ,26,飞亚达,深圳,服饰,19930603
20,000027.SZ,27,深圳能源,深圳,火力发电,19930903
21,000028.SZ,28,国药一致,深圳,医药商业,19930809
22,000029.SZ,29,深深房A,深圳,区域地产,19930915
23,000030.SZ,30,富奥股份,吉林,汽车配件,19930929
24,000031.SZ,31,大悦城,深圳,全国地产,19931008
25,000032.SZ,32,深桑达A,深圳,建筑工程,19931028
26,000034.SZ,34,神州数码,深圳,软件服务,19940509
27,000035.SZ,35,中国天楹,江苏,环境保护,19940408
28,000036.SZ,36,华联控股,深圳,全国地产,19940617
29,000037.SZ,37,深南电A,深圳,火力发电,19940701
30,000038.SZ,38,*ST大通,深圳,综合类,19940808
31,000039.SZ,39,中集集团,深圳,运输设备,19940408
32,000040.SZ,40,东旭蓝天,深圳,新型电力,19940808
33,000042.SZ,42,中洲控股,深圳,全国地产,19940921
34,000045.SZ,45,深纺织A,深圳,元器件,19940815
35,000046.SZ,46,泛海控股,北京,多元金融,19940912
36,000048.SZ,48,京基智农,深圳,区域地产,19941101
37,000049.SZ,49,德赛电池,深圳,电气设备,19950320
38,000050.SZ,50,深天马A,深圳,元器件,19950315
39,000055.SZ,55,方大集团,深圳,装修装饰,19960415
40,000056.SZ,56,皇庭国际,深圳,房产服务,19960708
41,000058.SZ,58,深赛格,深圳,商品城,19961226
42,000059.SZ,59,华锦股份,辽宁,石油加工,19970130
43,000060.SZ,60,中金岭南,深圳,铅锌,19970123
44,000061.SZ,61,农产品,深圳,农业综合,19970110
45,000062.SZ,62,深圳华强,深圳,元器件,19970130
46,000063.SZ,63,中兴通讯,深圳,通信设备,19971118
47,000065.SZ,65,北方国际,北京,建筑工程,19980605
48,000066.SZ,66,中国长城,深圳,IT设备,19970626
49,000068.SZ,68,华控赛格,深圳,环境保护,19970611
50,000069.SZ,69,华侨城A,深圳,旅游景点,19970910
51,000070.SZ,70,特发信息,深圳,通信设备,20000511
52,000078.SZ,78,海王生物,深圳,医药商业,19981218
53,000088.SZ,88,盐田港,深圳,港口,19970728
54,000089.SZ,89,深圳机场,深圳,机场,19980420
55,000090.SZ,90,天健集团,深圳,建筑工程,19990721
56,000096.SZ,96,广聚能源,深圳,石油贸易,20000724
57,000099.SZ,99,中信海直,深圳,空运,20000731
58,000100.SZ,100,TCL科技,广东,元器件,20040130
59,000150.SZ,150,*ST宜康,广东,生物制药,20000807
60,000151.SZ,151,中成股份,北京,商贸代理,20000906
61,000153.SZ,153,丰原药业,安徽,化学制药,20000920
62,000155.SZ,155,川能动力,四川,新型电力,20000926
63,000156.SZ,156,华数传媒,浙江,影视音像,20000906
64,000157.SZ,157,中联重科,湖南,工程机械,20001012
65,000158.SZ,158,常山北明,河北,软件服务,20000724
66,000159.SZ,159,国际实业,新疆,石油贸易,20000926
67,000166.SZ,166,申万宏源,新疆,证券,20150126
68,000301.SZ,301,东方盛虹,江苏,化纤,20000529
69,000333.SZ,333,美的集团,广东,家用电器,20130918
70,000338.SZ,338,潍柴动力,山东,汽车配件,20070430
71,000400.SZ,400,许继电气,河南,电气设备,19970418
72,000401.SZ,401,冀东水泥,河北,水泥,19960614
73,000402.SZ,402,金融街,北京,全国地产,19960626
74,000403.SZ,403,派林生物,山西,生物制药,19960628
75,000404.SZ,404,长虹华意,江西,家用电器,19960619
76,000407.SZ,407,胜利股份,山东,供气供热,19960703
77,000408.SZ,408,藏格矿业,青海,农药化肥,19960628
78,000409.SZ,409,云鼎科技,山东,软件服务,19960627
79,000410.SZ,410,*ST沈机,辽宁,机床制造,19960718
80,000411.SZ,411,英特集团,浙江,医药商业,19960716
81,000413.SZ,413,东旭光电,河北,元器件,19960925
82,000415.SZ,415,渤海租赁,新疆,多元金融,19960716
83,000416.SZ,416,民生控股,山东,多元金融,19960719
84,000417.SZ,417,合肥百货,安徽,百货,19960812
85,000419.SZ,419,通程控股,湖南,百货,19960816
86,000420.SZ,420,吉林化纤,吉林,化纤,19960802
87,000421.SZ,421,南京公用,江苏,供气供热,19960806
88,000422.SZ,422,湖北宜化,湖北,农药化肥,19960815
89,000423.SZ,423,东阿阿胶,山东,中成药,19960729
90,000425.SZ,425,徐工机械,江苏,工程机械,19960828
91,000426.SZ,426,兴业矿业,内蒙,铅锌,19960828
92,000428.SZ,428,华天酒店,湖南,酒店餐饮,19960808
93,000429.SZ,429,粤高速A,广东,路桥,19980220
94,000430.SZ,430,张家界,湖南,旅游景点,19960829
95,000488.SZ,488,晨鸣纸业,山东,造纸,20001120
96,000498.SZ,498,山东路桥,山东,建筑工程,19970609
97,000501.SZ,501,武商集团,湖北,百货,19921120
98,000503.SZ,503,国新健康,山东,软件服务,19921130
99,000504.SZ,504,南华生物,湖南,医疗保健,19921208
100,000505.SZ,505,京粮控股,海南,食品,19921221
101,000506.SZ,506,中润资源,山东,黄金,19930312
102,000507.SZ,507,珠海港,广东,港口,19930326
103,000509.SZ,509,华塑控股,四川,元器件,19930507
104,000510.SZ,510,新金路,四川,化工原料,19930507
105,000513.SZ,513,丽珠集团,广东,化学制药,19931028
106,000514.SZ,514,渝开发,重庆,区域地产,19930712
107,000516.SZ,516,国际医学,陕西,医疗保健,19930809
108,000517.SZ,517,荣安地产,浙江,区域地产,19930806
109,000518.SZ,518,四环生物,江苏,生物制药,19930908
110,000519.SZ,519,中兵红箭,湖南,专用机械,19931008
111,000520.SZ,520,长航凤凰,湖北,水运,19931025
112,000521.SZ,521,长虹美菱,安徽,家用电器,19931018
113,000523.SZ,523,广州浪奇,广东,日用化工,19931108
114,000524.SZ,524,岭南控股,广东,旅游服务,19931118
115,000525.SZ,525,ST红太阳,江苏,农药化肥,19931028
116,000526.SZ,526,学大教育,福建,文教休闲,19931101
117,000528.SZ,528,柳工,广西,工程机械,19931118
118,000529.SZ,529,广弘控股,广东,出版业,19931118
119,000530.SZ,530,冰山冷热,辽宁,机械基件,19931208
120,000531.SZ,531,穗恒运A,广东,火力发电,19940106
121,000532.SZ,532,华金资本,广东,多元金融,19940103
122,000533.SZ,533,顺钠股份,广东,电气设备,19940103
123,000534.SZ,534,万泽股份,广东,生物制药,19940110
124,000536.SZ,536,华映科技,福建,元器件,19931126
125,000537.SZ,537,广宇发展,天津,新型电力,19931210
126,000538.SZ,538,云南白药,云南,中成药,19931215
127,000539.SZ,539,粤电力A,广东,火力发电,19931126
128,000540.SZ,540,中天金融,贵州,多元金融,19940202
129,000541.SZ,541,佛山照明,广东,家用电器,19931123
130,000543.SZ,543,皖能电力,安徽,火力发电,19931220
131,000544.SZ,544,中原环保,河南,环境保护,19931208
132,000545.SZ,545,金浦钛业,吉林,化工原料,19931215
133,000546.SZ,546,金圆股份,吉林,环境保护,19931215
134,000547.SZ,547,航天发展,福建,通信设备,19931130
135,000548.SZ,548,湖南投资,湖南,路桥,19931220
136,000550.SZ,550,江铃汽车,江西,汽车整车,19931201
137,000551.SZ,551,创元科技,江苏,专用机械,19940106
138,000552.SZ,552,靖远煤电,甘肃,煤炭开采,19940106
139,000553.SZ,553,安道麦A,湖北,农药化肥,19931203
140,000554.SZ,554,泰山石油,山东,石油贸易,19931215
141,000555.SZ,555,神州信息,深圳,软件服务,19940408
142,000557.SZ,557,西部创业,宁夏,铁路,19940617
143,000558.SZ,558,莱茵体育,浙江,文教休闲,19940509
144,000559.SZ,559,万向钱潮,浙江,汽车配件,19940110
145,000560.SZ,560,我爱我家,云南,房产服务,19940202
146,000561.SZ,561,烽火电子,陕西,通信设备,19940509
147,000563.SZ,563,陕国投A,陕西,多元金融,19940110
148,000564.SZ,564,ST大集,陕西,百货,19940110
149,000565.SZ,565,渝三峡A,重庆,染料涂料,19940408
150,000566.SZ,566,海南海药,海南,化学制药,19940525
151,000567.SZ,567,海德股份,海南,多元金融,19940525
152,000568.SZ,568,泸州老窖,四川,白酒,19940509
153,000570.SZ,570,苏常柴A,江苏,农用机械,19940701
154,000571.SZ,571,ST大洲,海南,煤炭开采,19940525
155,000572.SZ,572,海马汽车,海南,汽车整车,19940808
156,000573.SZ,573,粤宏远A,广东,区域地产,19940815
157,000576.SZ,576,甘化科工,广东,食品,19940907
158,000581.SZ,581,威孚高科,江苏,汽车配件,19980924
159,000582.SZ,582,北部湾港,广西,港口,19951102
160,000584.SZ,584,哈工智能,江苏,专用机械,19951128
161,000586.SZ,586,汇源通信,四川,通信设备,19951220
162,000587.SZ,587,*ST金洲,黑龙江,服饰,19960425
163,000589.SZ,589,贵州轮胎,贵州,汽车配件,19960308
164,000590.SZ,590,启迪药业,湖南,中成药,19960119
165,000591.SZ,591,太阳能,重庆,新型电力,19960208
166,000592.SZ,592,平潭发展,福建,林业,19960327
167,000593.SZ,593,德龙汇能,四川,供气供热,19960312
168,000595.SZ,595,宝塔实业,宁夏,机械基件,19960419
169,000596.SZ,596,古井贡酒,安徽,白酒,19960927
170,000597.SZ,597,东北制药,辽宁,化学制药,19960523
171,000598.SZ,598,兴蓉环境,四川,水务,19960529
172,000599.SZ,599,青岛双星,山东,汽车配件,19960430
173,000600.SZ,600,建投能源,河北,火力发电,19960606
174,000601.SZ,601,韶能股份,广东,水力发电,19960830
175,000603.SZ,603,盛达资源,北京,铅锌,19960823
176,000605.SZ,605,渤海股份,北京,供气供热,19960913
177,000606.SZ,606,*ST顺利,青海,互联网,19961004
178,000607.SZ,607,华媒控股,浙江,广告包装,19960830
179,000608.SZ,608,阳光股份,广西,区域地产,19960919
180,000609.SZ,609,中迪投资,北京,区域地产,19961010
181,000610.SZ,610,西安旅游,陕西,旅游服务,19960926
182,000612.SZ,612,焦作万方,河南,铝,19960926
183,000615.SZ,615,奥园美谷,湖北,医疗保健,19961016
184,000616.SZ,616,ST海投,辽宁,全国地产,19961108
185,000617.SZ,617,中油资本,新疆,多元金融,19961022
186,000619.SZ,619,海螺新材,安徽,其他建材,19961023
187,000620.SZ,620,新华联,北京,全国地产,19961029
188,000622.SZ,622,恒立实业,湖南,批发业,19961107
189,000623.SZ,623,吉林敖东,吉林,中成药,19961028
190,000625.SZ,625,长安汽车,重庆,汽车整车,19970610
191,000626.SZ,626,远大控股,江苏,商贸代理,19961128
192,000627.SZ,627,天茂集团,湖北,保险,19961112
193,000628.SZ,628,高新发展,四川,建筑工程,19961118
194,000629.SZ,629,钒钛股份,四川,小金属,19961115
195,000630.SZ,630,铜陵有色,安徽,铜,19961120
196,000631.SZ,631,顺发恒业,浙江,区域地产,19961122
197,000632.SZ,632,三木集团,福建,综合类,19961121
198,000633.SZ,633,合金投资,新疆,小金属,19961112
199,000635.SZ,635,英力特,宁夏,化工原料,19961120
200,000636.SZ,636,风华高科,广东,元器件,19961129
201,000637.SZ,637,茂化实华,广东,石油加工,19961114
202,000638.SZ,638,万方发展,吉林,软件服务,19961126
203,000639.SZ,639,西王食品,山东,食品,19961126
204,000650.SZ,650,仁和药业,江西,中成药,19961210
205,000651.SZ,651,格力电器,广东,家用电器,19961118
206,000652.SZ,652,泰达股份,天津,批发业,19961128
207,000655.SZ,655,金岭矿业,山东,普钢,19961128
208,000656.SZ,656,金科股份,重庆,全国地产,19961128
209,000657.SZ,657,中钨高新,海南,小金属,19961205
210,000659.SZ,659,珠海中富,广东,广告包装,19961203
211,000661.SZ,661,长春高新,吉林,生物制药,19961218
212,000663.SZ,663,永安林业,福建,林业,19961206
213,000665.SZ,665,湖北广电,湖北,影视音像,19961210
214,000666.SZ,666,经纬纺机,北京,多元金融,19961210
215,000667.SZ,667,美好置业,云南,全国地产,19961205
216,000668.SZ,668,荣丰控股,山东,医药商业,19961210
217,000669.SZ,669,ST金鸿,吉林,供气供热,19961210
218,000670.SZ,670,盈方微,湖北,元器件,19961217
219,000671.SZ,671,阳光城,福建,区域地产,19961218
220,000672.SZ,672,上峰水泥,甘肃,水泥,19961218
221,000676.SZ,676,智度股份,广东,互联网,19961224
222,000677.SZ,677,恒天海龙,山东,化纤,19961226
223,000678.SZ,678,襄阳轴承,湖北,汽车配件,19970106
224,000679.SZ,679,大连友谊,辽宁,百货,19970124
225,000680.SZ,680,山推股份,山东,工程机械,19970122
226,000681.SZ,681,视觉中国,江苏,互联网,19970121
227,000682.SZ,682,东方电子,山东,电气设备,19970121
228,000683.SZ,683,远兴能源,内蒙,化工原料,19970131
229,000685.SZ,685,中山公用,广东,水务,19970123
230,000686.SZ,686,东北证券,吉林,证券,19970227
231,000688.SZ,688,国城矿业,重庆,铅锌,19970120
232,000690.SZ,690,宝新能源,广东,火力发电,19970128
233,000691.SZ,691,亚太实业,甘肃,化工原料,19970228
234,000692.SZ,692,惠天热电,辽宁,供气供热,19970227
235,000695.SZ,695,滨海能源,天津,广告包装,19970218
236,000697.SZ,697,炼石航空,陕西,航空,19970325
237,000698.SZ,698,沈阳化工,辽宁,石油加工,19970220
238,000700.SZ,700,模塑科技,江苏,汽车配件,19970228
239,000701.SZ,701,厦门信达,福建,商贸代理,19970226
240,000702.SZ,702,正虹科技,湖南,饲料,19970318
241,000703.SZ,703,恒逸石化,广西,化纤,19970328
242,000705.SZ,705,浙江震元,浙江,医药商业,19970410
243,000707.SZ,707,双环科技,湖北,化工原料,19970415
244,000708.SZ,708,中信特钢,湖北,特种钢,19970326
245,000709.SZ,709,河钢股份,河北,普钢,19970416
246,000710.SZ,710,贝瑞基因,四川,医疗保健,19970422
247,000711.SZ,711,京蓝科技,黑龙江,环境保护,19970411
248,000712.SZ,712,锦龙股份,广东,证券,19970415
249,000713.SZ,713,丰乐种业,安徽,种植业,19970422
250,000715.SZ,715,中兴商业,辽宁,百货,19970508
251,000716.SZ,716,黑芝麻,广西,食品,19970418
252,000717.SZ,717,中南股份,广东,普钢,19970508
253,000718.SZ,718,苏宁环球,吉林,区域地产,19970408
254,000719.SZ,719,中原传媒,河南,出版业,19970331
255,000720.SZ,720,新能泰山,山东,仓储物流,19970509
256,000721.SZ,721,西安饮食,陕西,酒店餐饮,19970430
257,000722.SZ,722,湖南发展,湖南,其他建材,19970522
258,000723.SZ,723,美锦能源,山西,焦炭加工,19970515
259,000725.SZ,725,京东方A,北京,元器件,20010112
260,000726.SZ,726,鲁泰A,山东,纺织,20001225
261,000727.SZ,727,冠捷科技,江苏,元器件,19970520
262,000728.SZ,728,国元证券,安徽,证券,19970616
263,000729.SZ,729,燕京啤酒,北京,啤酒,19970716
264,000731.SZ,731,四川美丰,四川,农药化肥,19970617
265,000732.SZ,732,ST泰禾,福建,区域地产,19970704
266,000733.SZ,733,振华科技,贵州,元器件,19970703
267,000735.SZ,735,罗牛山,海南,农业综合,19970611
268,000736.SZ,736,中交地产,重庆,全国地产,19970425
269,000737.SZ,737,北方铜业,山西,铜,19970428
270,000738.SZ,738,航发控制,江苏,航空,19970626
271,000739.SZ,739,普洛药业,浙江,化学制药,19970509
272,000750.SZ,750,国海证券,广西,证券,19970709
273,000751.SZ,751,锌业股份,辽宁,铅锌,19970626
274,000752.SZ,752,*ST西发,西藏,啤酒,19970625
275,000753.SZ,753,漳州发展,福建,汽车服务,19970626
276,000755.SZ,755,山西路桥,山西,路桥,19970627
277,000756.SZ,756,新华制药,山东,化学制药,19970806
278,000757.SZ,757,浩物股份,四川,汽车配件,19970627
279,000758.SZ,758,中色股份,北京,铅锌,19970416
280,000759.SZ,759,中百集团,湖北,超市连锁,19970519
281,000761.SZ,761,本钢板材,辽宁,普钢,19980115
282,000762.SZ,762,西藏矿业,西藏,小金属,19970708
283,000766.SZ,766,通化金马,吉林,化学制药,19970430
284,000767.SZ,767,晋控电力,山西,火力发电,19970609
285,000768.SZ,768,中航西飞,陕西,航空,19970626
286,000776.SZ,776,广发证券,广东,证券,19970611
287,000777.SZ,777,中核科技,江苏,机械基件,19970710
288,000778.SZ,778,新兴铸管,河北,钢加工,19970606
289,000779.SZ,779,甘咨询,甘肃,建筑工程,19970528
290,000782.SZ,782,美达股份,广东,化纤,19970619
291,000783.SZ,783,长江证券,湖北,证券,19970731
292,000785.SZ,785,居然之家,湖北,百货,19970711
293,000786.SZ,786,北新建材,北京,其他建材,19970606
294,000788.SZ,788,北大医药,重庆,化学制药,19970616
295,000789.SZ,789,万年青,江西,水泥,19970923
296,000790.SZ,790,华神科技,四川,中成药,19980327
297,000791.SZ,791,甘肃能源,甘肃,水力发电,19971014
298,000792.SZ,792,盐湖股份,青海,农药化肥,19970904
299,000793.SZ,793,华闻集团,海南,出版业,19970729
300,000795.SZ,795,英洛华,浙江,矿物制品,19970808
301,000796.SZ,796,ST凯撒,海南,旅游服务,19970703
302,000797.SZ,797,中国武夷,福建,全国地产,19970715
303,000798.SZ,798,中水渔业,北京,渔业,19980212
304,000799.SZ,799,酒鬼酒,湖南,白酒,19970718
305,000800.SZ,800,一汽解放,吉林,汽车整车,19970618
306,000801.SZ,801,四川九洲,四川,家用电器,19980506
307,000802.SZ,802,北京文化,北京,影视音像,19980108
308,000803.SZ,803,山高环能,四川,环境保护,19980303
309,000806.SZ,806,*ST银河,广西,电气设备,19980416
310,000807.SZ,807,云铝股份,云南,铝,19980408
311,000809.SZ,809,ST新城,辽宁,区域地产,19980616
312,000810.SZ,810,创维数字,四川,家用电器,19980602
313,000811.SZ,811,冰轮环境,山东,工程机械,19980528
314,000812.SZ,812,陕西金叶,陕西,广告包装,19980623
315,000813.SZ,813,德展健康,新疆,化学制药,19980519
316,000815.SZ,815,美利云,宁夏,造纸,19980609
317,000816.SZ,816,智慧农业,江苏,农用机械,19970818
318,000818.SZ,818,航锦科技,辽宁,化工原料,19971017
319,000819.SZ,819,岳阳兴长,湖南,石油加工,19970625
320,000820.SZ,820,神雾节能,江西,环境保护,19980630
321,000821.SZ,821,京山轻机,湖北,电气设备,19980626
322,000822.SZ,822,山东海化,山东,化工原料,19980703
323,000823.SZ,823,超声电子,广东,元器件,19971008
324,000825.SZ,825,太钢不锈,山西,特种钢,19981021
325,000826.SZ,826,启迪环境,湖北,环境保护,19980225
326,000828.SZ,828,东莞控股,广东,路桥,19970617
327,000829.SZ,829,天音控股,江西,其他商业,19971202
328,000830.SZ,830,鲁西化工,山东,农药化肥,19980807
329,000831.SZ,831,中国稀土,江西,小金属,19980911
330,000833.SZ,833,粤桂股份,广西,食品,19981111
331,000836.SZ,836,富通信息,天津,通信设备,19970929
332,000837.SZ,837,秦川机床,陕西,机床制造,19980928
333,000838.SZ,838,财信发展,重庆,区域地产,19970626
334,000839.SZ,839,ST国安,北京,综合类,19971031
335,000848.SZ,848,承德露露,河北,软饮料,19971113
336,000850.SZ,850,华茂股份,安徽,纺织,19981007
337,000851.SZ,851,高鸿股份,贵州,通信设备,19980609
338,000852.SZ,852,石化机械,湖北,化工机械,19981126
339,000856.SZ,856,冀东装备,河北,专用机械,19980813
340,000858.SZ,858,五粮液,四川,白酒,19980427
341,000859.SZ,859,国风新材,安徽,塑料,19981119
342,000860.SZ,860,顺鑫农业,北京,白酒,19981104
343,000861.SZ,861,海印股份,广东,其他商业,19981028
344,000862.SZ,862,银星能源,宁夏,新型电力,19980915
345,000863.SZ,863,三湘印象,上海,区域地产,19970925
346,000868.SZ,868,安凯客车,安徽,汽车整车,19970725
347,000869.SZ,869,张裕A,山东,红黄酒,20001026
348,000875.SZ,875,吉电股份,吉林,火力发电,20020926
349,000876.SZ,876,新希望,四川,饲料,19980311
350,000877.SZ,877,天山股份,新疆,水泥,19990107
351,000878.SZ,878,云南铜业,云南,铜,19980602
352,000880.SZ,880,潍柴重机,山东,专用机械,19980402
353,000881.SZ,881,中广核技,辽宁,综合类,19980902
354,000882.SZ,882,华联股份,北京,其他商业,19980616
355,000883.SZ,883,湖北能源,湖北,火力发电,19980519
356,000885.SZ,885,城发环境,河南,环境保护,19990319
357,000886.SZ,886,海南高速,海南,区域地产,19980123
358,000887.SZ,887,中鼎股份,安徽,汽车配件,19981203
359,000888.SZ,888,峨眉山A,四川,旅游景点,19971021
360,000889.SZ,889,ST中嘉,河北,通信设备,19971218
361,000890.SZ,890,法尔胜,江苏,钢加工,19990119
362,000892.SZ,892,欢瑞世纪,重庆,影视音像,19990115
363,000893.SZ,893,亚钾国际,广东,农药化肥,19981224
364,000895.SZ,895,双汇发展,河南,食品,19981210
365,000897.SZ,897,津滨发展,天津,区域地产,19990422
366,000898.SZ,898,鞍钢股份,辽宁,普钢,19971225
367,000899.SZ,899,赣能股份,江西,火力发电,19971126
368,000900.SZ,900,现代投资,湖南,路桥,19990128
369,000901.SZ,901,航天科技,黑龙江,汽车配件,19990401
370,000902.SZ,902,新洋丰,湖北,农药化肥,19990408
371,000903.SZ,903,云内动力,云南,汽车配件,19990415
372,000905.SZ,905,厦门港务,福建,港口,19990429
373,000906.SZ,906,浙商中拓,浙江,仓储物流,19990707
374,000908.SZ,908,景峰医药,湖南,化学制药,19990203
375,000909.SZ,909,数源科技,浙江,综合类,19990507
376,000910.SZ,910,大亚圣象,江苏,家居用品,19990630
377,000911.SZ,911,南宁糖业,广西,食品,19990527
378,000912.SZ,912,泸天化,四川,农药化肥,19990603
379,000913.SZ,913,钱江摩托,浙江,摩托车,19990514
380,000915.SZ,915,华特达因,山东,化学制药,19990609
381,000917.SZ,917,电广传媒,湖南,影视音像,19990325
382,000918.SZ,918,嘉凯城,浙江,全国地产,19990720
383,000919.SZ,919,金陵药业,江苏,化学制药,19991118
384,000920.SZ,920,沃顿科技,贵州,环境保护,19990616
385,000921.SZ,921,海信家电,广东,家用电器,19990713
386,000922.SZ,922,佳电股份,黑龙江,电气设备,19990618
387,000923.SZ,923,河钢资源,河北,普钢,19990714
388,000925.SZ,925,众合科技,浙江,运输设备,19990611
389,000926.SZ,926,福星股份,湖北,区域地产,19990618
390,000927.SZ,927,中国铁物,天津,仓储物流,19990727
391,000928.SZ,928,中钢国际,吉林,建筑工程,19990312
392,000929.SZ,929,兰州黄河,甘肃,啤酒,19990623
393,000930.SZ,930,中粮科技,安徽,农业综合,19990712
394,000931.SZ,931,中关村,北京,化学制药,19990712
395,000932.SZ,932,华菱钢铁,湖南,普钢,19990803
396,000933.SZ,933,神火股份,河南,铝,19990831
397,000935.SZ,935,四川双马,四川,水泥,19990824
398,000936.SZ,936,华西股份,江苏,化纤,19990810
399,000937.SZ,937,冀中能源,河北,煤炭开采,19990909
400,000938.SZ,938,紫光股份,北京,软件服务,19991104
401,000948.SZ,948,南天信息,云南,软件服务,19991014
402,000949.SZ,949,新乡化纤,河南,化纤,19991021
403,000950.SZ,950,重药控股,重庆,医药商业,19990916
404,000951.SZ,951,中国重汽,山东,汽车整车,19991125
405,000952.SZ,952,广济药业,湖北,化学制药,19991112
406,000953.SZ,953,河化股份,广西,化学制药,19991202
407,000955.SZ,955,欣龙控股,海南,纺织,19991209
408,000957.SZ,957,中通客车,山东,汽车整车,20000113
409,000958.SZ,958,电投产融,河北,多元金融,19991223
410,000959.SZ,959,首钢股份,北京,普钢,19991216
411,000960.SZ,960,锡业股份,云南,小金属,20000221
412,000961.SZ,961,中南建设,江苏,全国地产,20000301
413,000962.SZ,962,东方钽业,宁夏,小金属,20000120
414,000963.SZ,963,华东医药,浙江,化学制药,20000127
415,000965.SZ,965,天保基建,天津,区域地产,20000406
416,000966.SZ,966,长源电力,湖北,火力发电,20000316
417,000967.SZ,967,盈峰环境,浙江,环境保护,20000330
418,000968.SZ,968,蓝焰控股,山西,石油开采,20000622
419,000969.SZ,969,安泰科技,北京,小金属,20000529
420,000970.SZ,970,中科三环,北京,矿物制品,20000420
421,000971.SZ,971,ST高升,湖北,互联网,20000427
422,000972.SZ,972,ST中基,新疆,食品,20000926
423,000973.SZ,973,佛塑科技,广东,塑料,20000525
424,000975.SZ,975,银泰黄金,内蒙,黄金,20000608
425,000976.SZ,976,华铁股份,广东,运输设备,20000601
426,000977.SZ,977,浪潮信息,山东,IT设备,20000608
427,000978.SZ,978,桂林旅游,广西,旅游景点,20000518
428,000980.SZ,980,众泰汽车,浙江,汽车配件,20000616
429,000981.SZ,981,山子股份,甘肃,汽车配件,20000622
430,000982.SZ,982,中银绒业,宁夏,纺织,20000706
431,000983.SZ,983,山西焦煤,山西,煤炭开采,20000726
432,000985.SZ,985,大庆华科,黑龙江,化工原料,20000726
433,000987.SZ,987,越秀资本,广东,多元金融,20000718
434,000988.SZ,988,华工科技,湖北,专用机械,20000608
435,000989.SZ,989,九芝堂,湖南,中成药,20000628
436,000990.SZ,990,诚志股份,江西,化工原料,20000706
437,000993.SZ,993,闽东电力,福建,水力发电,20000731
438,000995.SZ,995,*ST皇台,甘肃,白酒,20000807
439,000996.SZ,996,中国中期,北京,汽车服务,20000718
440,000997.SZ,997,新大陆,福建,软件服务,20000807
441,000998.SZ,998,隆平高科,湖南,种植业,20001211
442,000999.SZ,999,华润三九,深圳,中成药,20000309
507,001696.SZ,1696,宗申动力,重庆,摩托车,19970306
508,001872.SZ,1872,招商港口,深圳,港口,19930505
509,001896.SZ,1896,豫能控股,河南,火力发电,19980122
510,001914.SZ,1914,招商积余,深圳,房产服务,19940928
511,001965.SZ,1965,招商公路,天津,路桥,20171225
512,001979.SZ,1979,招商蛇口,深圳,全国地产,20151230
513,002001.SZ,2001,新和成,浙江,化学制药,20040625
514,002002.SZ,2002,鸿达兴业,江苏,化工原料,20040625
515,002003.SZ,2003,伟星股份,浙江,服饰,20040625
516,002004.SZ,2004,华邦健康,重庆,农药化肥,20040625
517,002005.SZ,2005,ST德豪,安徽,家用电器,20040625
518,002006.SZ,2006,精功科技,浙江,专用机械,20040625
519,002007.SZ,2007,华兰生物,河南,生物制药,20040625
520,002008.SZ,2008,大族激光,深圳,电器仪表,20040625
521,002009.SZ,2009,天奇股份,江苏,工程机械,20040629
522,002010.SZ,2010,传化智联,浙江,仓储物流,20040629
523,002011.SZ,2011,盾安环境,浙江,家用电器,20040705
524,002012.SZ,2012,凯恩股份,浙江,造纸,20040705
525,002013.SZ,2013,中航机电,北京,航空,20040705
526,002014.SZ,2014,永新股份,安徽,塑料,20040708
527,002015.SZ,2015,协鑫能科,江苏,新型电力,20040708
528,002016.SZ,2016,世荣兆业,广东,区域地产,20040708
529,002017.SZ,2017,东信和平,广东,通信设备,20040713
530,002019.SZ,2019,亿帆医药,浙江,化学制药,20040713
531,002020.SZ,2020,京新药业,浙江,化学制药,20040715
532,002021.SZ,2021,ST中捷,浙江,纺织机械,20040715
533,002022.SZ,2022,*ST科华,上海,医疗保健,20040721
534,002023.SZ,2023,海特高新,四川,航空,20040721
535,002024.SZ,2024,ST易购,江苏,电器连锁,20040721
536,002025.SZ,2025,航天电器,贵州,元器件,20040726
537,002026.SZ,2026,山东威达,山东,机械基件,20040727
538,002027.SZ,2027,分众传媒,广东,广告包装,20040804
539,002028.SZ,2028,思源电气,上海,电气设备,20040805
540,002029.SZ,2029,七匹狼,福建,服饰,20040806
541,002030.SZ,2030,达安基因,广东,医疗保健,20040809
542,002031.SZ,2031,巨轮智能,广东,汽车配件,20040816
543,002032.SZ,2032,苏泊尔,浙江,家用电器,20040817
544,002033.SZ,2033,丽江股份,云南,旅游景点,20040825
545,002034.SZ,2034,旺能环境,浙江,环境保护,20040826
546,002035.SZ,2035,华帝股份,广东,家用电器,20040901
547,002036.SZ,2036,联创电子,江西,元器件,20040903
548,002037.SZ,2037,保利联合,贵州,化工原料,20040908
549,002038.SZ,2038,双鹭药业,北京,生物制药,20040909
550,002039.SZ,2039,黔源电力,贵州,水力发电,20050303
551,002040.SZ,2040,南京港,江苏,港口,20050325
552,002041.SZ,2041,登海种业,山东,种植业,20050418
553,002042.SZ,2042,华孚时尚,安徽,纺织,20050427
554,002043.SZ,2043,兔宝宝,浙江,其他建材,20050510
555,002044.SZ,2044,美年健康,江苏,医疗保健,20050518
556,002045.SZ,2045,国光电器,广东,元器件,20050523
557,002046.SZ,2046,国机精工,河南,机械基件,20050526
558,002047.SZ,2047,宝鹰股份,深圳,装修装饰,20050531
559,002048.SZ,2048,宁波华翔,浙江,汽车配件,20050603
560,002049.SZ,2049,紫光国微,河北,元器件,20050606
561,002050.SZ,2050,三花智控,浙江,家用电器,20050607
562,002051.SZ,2051,中工国际,北京,建筑工程,20060619
563,002052.SZ,2052,*ST同洲,深圳,家用电器,20060627
564,002053.SZ,2053,云南能投,云南,食品,20060627
565,002054.SZ,2054,德美化工,广东,染料涂料,20060725
566,002055.SZ,2055,得润电子,深圳,元器件,20060725
567,002056.SZ,2056,横店东磁,浙江,矿物制品,20060802
568,002057.SZ,2057,中钢天源,安徽,矿物制品,20060802
569,002058.SZ,2058,威尔泰,上海,电器仪表,20060802
570,002059.SZ,2059,云南旅游,云南,旅游景点,20060810
571,002060.SZ,2060,粤水电,广东,建筑工程,20060810
572,002061.SZ,2061,浙江交科,浙江,建筑工程,20060816
573,002062.SZ,2062,宏润建设,浙江,建筑工程,20060816
574,002063.SZ,2063,远光软件,广东,软件服务,20060823
575,002064.SZ,2064,华峰化学,浙江,化纤,20060823
576,002065.SZ,2065,东华软件,北京,软件服务,20060823
577,002066.SZ,2066,瑞泰科技,北京,其他建材,20060823
578,002067.SZ,2067,景兴纸业,浙江,造纸,20060915
579,002068.SZ,2068,黑猫股份,江西,化工原料,20060915
580,002069.SZ,2069,ST獐子岛,辽宁,渔业,20060928
581,002072.SZ,2072,凯瑞德,湖北,商贸代理,20061018
582,002073.SZ,2073,软控股份,山东,软件服务,20061018
583,002074.SZ,2074,国轩高科,安徽,电气设备,20061018
584,002075.SZ,2075,沙钢股份,江苏,特种钢,20061025
585,002076.SZ,2076,*ST雪莱,广东,家用电器,20061025
586,002077.SZ,2077,大港股份,江苏,半导体,20061116
587,002078.SZ,2078,太阳纸业,山东,造纸,20061116
588,002079.SZ,2079,苏州固锝,江苏,半导体,20061116
589,002080.SZ,2080,中材科技,江苏,玻璃,20061120
590,002081.SZ,2081,金螳螂,江苏,装修装饰,20061120
591,002082.SZ,2082,万邦德,浙江,中成药,20061120
592,002083.SZ,2083,孚日股份,山东,纺织,20061124
593,002084.SZ,2084,海鸥住工,广东,家居用品,20061124
594,002085.SZ,2085,万丰奥威,浙江,汽车配件,20061128
595,002086.SZ,2086,ST东洋,山东,渔业,20061128
596,002087.SZ,2087,新野纺织,河南,纺织,20061130
597,002088.SZ,2088,鲁阳节能,山东,矿物制品,20061130
598,002089.SZ,2089,*ST新海,江苏,通信设备,20061130
599,002090.SZ,2090,金智科技,江苏,软件服务,20061208
600,002091.SZ,2091,江苏国泰,江苏,商贸代理,20061208
601,002092.SZ,2092,中泰化学,新疆,化工原料,20061208
602,002093.SZ,2093,国脉科技,福建,通信设备,20061215
603,002094.SZ,2094,青岛金王,山东,日用化工,20061215
604,002095.SZ,2095,生意宝,浙江,互联网,20061215
605,002096.SZ,2096,南岭民爆,湖南,化工原料,20061222
606,002097.SZ,2097,山河智能,湖南,工程机械,20061222
607,002098.SZ,2098,浔兴股份,福建,服饰,20061222
608,002099.SZ,2099,海翔药业,浙江,化学制药,20061226
609,002100.SZ,2100,天康生物,新疆,饲料,20061226
610,002101.SZ,2101,广东鸿图,广东,汽车配件,20061229
611,002102.SZ,2102,ST冠福,福建,化学制药,20061229
612,002103.SZ,2103,广博股份,浙江,文教休闲,20070110
613,002104.SZ,2104,恒宝股份,江苏,元器件,20070110
614,002105.SZ,2105,信隆健康,深圳,摩托车,20070112
615,002106.SZ,2106,莱宝高科,深圳,元器件,20070112
616,002107.SZ,2107,沃华医药,山东,中成药,20070124
617,002108.SZ,2108,沧州明珠,河北,塑料,20070124
618,002109.SZ,2109,兴化股份,陕西,化工原料,20070126
619,002110.SZ,2110,三钢闽光,福建,普钢,20070126
620,002111.SZ,2111,威海广泰,山东,航空,20070126
621,002112.SZ,2112,三变科技,浙江,电气设备,20070208
622,002113.SZ,2113,ST天润,湖南,互联网,20070208
623,002114.SZ,2114,罗平锌电,云南,铅锌,20070215
624,002115.SZ,2115,三维通信,浙江,广告包装,20070215
625,002116.SZ,2116,中国海诚,上海,建筑工程,20070215
626,002117.SZ,2117,东港股份,山东,广告包装,20070302
627,002118.SZ,2118,紫鑫药业,吉林,中成药,20070302
628,002119.SZ,2119,康强电子,浙江,半导体,20070302
629,002120.SZ,2120,韵达股份,浙江,仓储物流,20070306
630,002121.SZ,2121,科陆电子,深圳,电器仪表,20070306
631,002122.SZ,2122,ST天马,浙江,机械基件,20070328
632,002123.SZ,2123,梦网科技,辽宁,互联网,20070328
633,002124.SZ,2124,天邦食品,浙江,农业综合,20070403
634,002125.SZ,2125,湘潭电化,湖南,化工原料,20070403
635,002126.SZ,2126,银轮股份,浙江,汽车配件,20070418
636,002127.SZ,2127,南极电商,江苏,互联网,20070418
637,002128.SZ,2128,电投能源,内蒙,煤炭开采,20070418
638,002129.SZ,2129,TCL中环,天津,电气设备,20070420
639,002130.SZ,2130,沃尔核材,深圳,电气设备,20070420
640,002131.SZ,2131,利欧股份,浙江,互联网,20070427
641,002132.SZ,2132,恒星科技,河南,钢加工,20070427
642,002133.SZ,2133,广宇集团,浙江,全国地产,20070427
643,002134.SZ,2134,天津普林,天津,元器件,20070516
644,002135.SZ,2135,东南网架,浙江,钢加工,20070530
645,002136.SZ,2136,安纳达,安徽,化工原料,20070530
646,002137.SZ,2137,实益达,深圳,通信设备,20070613
647,002138.SZ,2138,顺络电子,深圳,元器件,20070613
648,002139.SZ,2139,拓邦股份,深圳,元器件,20070629
649,002140.SZ,2140,东华科技,安徽,建筑工程,20070712
650,002141.SZ,2141,贤丰控股,广东,电气设备,20070720
651,002142.SZ,2142,宁波银行,浙江,银行,20070719
652,002144.SZ,2144,宏达高科,浙江,纺织,20070803
653,002145.SZ,2145,中核钛白,甘肃,化工原料,20070803
654,002146.SZ,2146,荣盛发展,河北,全国地产,20070808
655,002148.SZ,2148,北纬科技,北京,互联网,20070810
656,002149.SZ,2149,西部材料,陕西,小金属,20070810
657,002150.SZ,2150,通润装备,江苏,机械基件,20070810
658,002151.SZ,2151,北斗星通,北京,通信设备,20070813
659,002152.SZ,2152,广电运通,广东,IT设备,20070813
660,002153.SZ,2153,石基信息,北京,软件服务,20070813
661,002154.SZ,2154,报喜鸟,浙江,服饰,20070816
662,002155.SZ,2155,湖南黄金,湖南,黄金,20070816
663,002156.SZ,2156,通富微电,江苏,半导体,20070816
664,002157.SZ,2157,正邦科技,江西,农业综合,20070817
665,002158.SZ,2158,汉钟精机,上海,工程机械,20070817
666,002159.SZ,2159,三特索道,湖北,旅游服务,20070817
667,002160.SZ,2160,常铝股份,江苏,铝,20070821
668,002161.SZ,2161,远望谷,深圳,通信设备,20070821
669,002162.SZ,2162,悦心健康,上海,陶瓷,20070823
670,002163.SZ,2163,海南发展,深圳,装修装饰,20070823
671,002164.SZ,2164,宁波东力,浙江,机械基件,20070823
672,002165.SZ,2165,红宝丽,江苏,化工原料,20070913
673,002166.SZ,2166,莱茵生物,广西,中成药,20070913
674,002167.SZ,2167,东方锆业,广东,小金属,20070913
675,002168.SZ,2168,惠程科技,深圳,互联网,20070919
676,002169.SZ,2169,智光电气,广东,电气设备,20070919
677,002170.SZ,2170,芭田股份,深圳,农药化肥,20070919
678,002171.SZ,2171,楚江新材,安徽,铜,20070921
679,002172.SZ,2172,澳洋健康,江苏,医疗保健,20070921
680,002173.SZ,2173,创新医疗,浙江,医疗保健,20070925
681,002174.SZ,2174,游族网络,福建,互联网,20070925
682,002175.SZ,2175,东方智造,广西,电器仪表,20071012
683,002176.SZ,2176,江特电机,江西,电气设备,20071012
684,002177.SZ,2177,*ST御银,广东,IT设备,20071101
685,002178.SZ,2178,延华智能,上海,软件服务,20071101
686,002179.SZ,2179,中航光电,河南,元器件,20071101
687,002180.SZ,2180,纳思达,广东,IT设备,20071113
688,002181.SZ,2181,粤传媒,广东,出版业,20071116
689,002182.SZ,2182,云海金属,江苏,小金属,20071113
690,002183.SZ,2183,怡亚通,深圳,仓储物流,20071113
691,002184.SZ,2184,海得控制,上海,软件服务,20071116
692,002185.SZ,2185,华天科技,甘肃,半导体,20071120
693,002186.SZ,2186,全聚德,北京,酒店餐饮,20071120
694,002187.SZ,2187,广百股份,广东,百货,20071122
695,002188.SZ,2188,中天服务,浙江,房产服务,20071122
696,002189.SZ,2189,中光学,河南,元器件,20071203
697,002190.SZ,2190,成飞集成,四川,汽车配件,20071203
698,002191.SZ,2191,劲嘉股份,深圳,广告包装,20071205
699,002192.SZ,2192,融捷股份,广东,小金属,20071205
700,002193.SZ,2193,如意集团,山东,纺织,20071207
701,002194.SZ,2194,武汉凡谷,湖北,通信设备,20071207
702,002195.SZ,2195,二三四五,上海,软件服务,20071212
703,002196.SZ,2196,方正电机,浙江,纺织机械,20071212
704,002197.SZ,2197,证通电子,深圳,IT设备,20071218
705,002198.SZ,2198,嘉应制药,广东,中成药,20071218
706,002199.SZ,2199,东晶电子,浙江,元器件,20071221
707,002200.SZ,2200,ST交投,云南,建筑工程,20071221
708,002201.SZ,2201,正威新材,江苏,玻璃,20071226
709,002202.SZ,2202,金风科技,新疆,电气设备,20071226
710,002203.SZ,2203,海亮股份,浙江,铜,20080116
711,002204.SZ,2204,大连重工,辽宁,专用机械,20080116
712,002205.SZ,2205,国统股份,新疆,其他建材,20080123
713,002206.SZ,2206,海利得,浙江,化纤,20080123
714,002207.SZ,2207,准油股份,新疆,石油开采,20080128
715,002208.SZ,2208,合肥城建,安徽,区域地产,20080128
716,002209.SZ,2209,达意隆,广东,轻工机械,20080130
717,002210.SZ,2210,飞马国际,深圳,仓储物流,20080130
718,002211.SZ,2211,ST宏达,上海,橡胶,20080201
719,002212.SZ,2212,天融信,广东,软件服务,20080201
720,002213.SZ,2213,大为股份,深圳,半导体,20080201
721,002214.SZ,2214,大立科技,浙江,电器仪表,20080218
722,002215.SZ,2215,诺普信,深圳,农药化肥,20080218
723,002216.SZ,2216,三全食品,河南,食品,20080220
724,002217.SZ,2217,合力泰,福建,元器件,20080220
725,002218.SZ,2218,拓日新能,深圳,电气设备,20080228
726,002219.SZ,2219,新里程,甘肃,医疗保健,20080306
727,002221.SZ,2221,东华能源,江苏,石油贸易,20080306
728,002222.SZ,2222,福晶科技,福建,元器件,20080319
729,002223.SZ,2223,鱼跃医疗,江苏,医疗保健,20080418
730,002224.SZ,2224,三力士,浙江,橡胶,20080425
731,002225.SZ,2225,濮耐股份,河南,其他建材,20080425
732,002226.SZ,2226,江南化工,安徽,化工原料,20080506
733,002227.SZ,2227,奥特迅,深圳,电气设备,20080506
734,002228.SZ,2228,合兴包装,福建,广告包装,20080508
735,002229.SZ,2229,鸿博股份,福建,广告包装,20080508
736,002230.SZ,2230,科大讯飞,安徽,软件服务,20080512
737,002231.SZ,2231,奥维通信,辽宁,通信设备,20080512
738,002232.SZ,2232,启明信息,吉林,软件服务,20080509
739,002233.SZ,2233,塔牌集团,广东,水泥,20080516
740,002234.SZ,2234,民和股份,山东,农业综合,20080516
741,002235.SZ,2235,安妮股份,福建,造纸,20080516
742,002236.SZ,2236,大华股份,浙江,电器仪表,20080520
743,002237.SZ,2237,恒邦股份,山东,黄金,20080520
744,002238.SZ,2238,天威视讯,深圳,影视音像,20080526
745,002239.SZ,2239,奥特佳,江苏,汽车配件,20080522
746,002240.SZ,2240,盛新锂能,四川,小金属,20080523
747,002241.SZ,2241,歌尔股份,山东,元器件,20080522
748,002242.SZ,2242,九阳股份,山东,家用电器,20080528
749,002243.SZ,2243,力合科创,深圳,塑料,20080528
750,002244.SZ,2244,滨江集团,浙江,区域地产,20080529
751,002245.SZ,2245,蔚蓝锂芯,江苏,电气设备,20080605
752,002246.SZ,2246,北化股份,四川,化工原料,20080605
753,002247.SZ,2247,聚力文化,浙江,其他建材,20080612
754,002248.SZ,2248,华东数控,山东,机床制造,20080612
755,002249.SZ,2249,大洋电机,广东,电气设备,20080619
756,002250.SZ,2250,联化科技,浙江,化工原料,20080619
757,002251.SZ,2251,步步高,湖南,超市连锁,20080619
758,002252.SZ,2252,上海莱士,上海,生物制药,20080623
759,002253.SZ,2253,川大智胜,四川,软件服务,20080623
760,002254.SZ,2254,泰和新材,山东,化纤,20080625
761,002255.SZ,2255,海陆重工,江苏,专用机械,20080625
762,002256.SZ,2256,兆新股份,深圳,新型电力,20080625
763,002258.SZ,2258,利尔化学,四川,农药化肥,20080708
764,002259.SZ,2259,ST升达,四川,供气供热,20080716
765,002261.SZ,2261,拓维信息,湖南,软件服务,20080723
766,002262.SZ,2262,恩华药业,江苏,化学制药,20080723
767,002263.SZ,2263,大东南,浙江,塑料,20080728
768,002264.SZ,2264,新华都,福建,超市连锁,20080731
769,002265.SZ,2265,西仪股份,云南,汽车配件,20080806
770,002266.SZ,2266,浙富控股,浙江,环境保护,20080806
771,002267.SZ,2267,陕天然气,陕西,供气供热,20080813
772,002268.SZ,2268,电科网安,四川,软件服务,20080811
773,002269.SZ,2269,美邦服饰,上海,服饰,20080828
774,002270.SZ,2270,华明装备,山东,电气设备,20080905
775,002271.SZ,2271,东方雨虹,北京,其他建材,20080910
776,002272.SZ,2272,川润股份,四川,机械基件,20080919
777,002273.SZ,2273,水晶光电,浙江,元器件,20080919
778,002274.SZ,2274,华昌化工,江苏,农药化肥,20080925
779,002275.SZ,2275,桂林三金,广西,中成药,20090710
780,002276.SZ,2276,万马股份,浙江,电气设备,20090710
781,002277.SZ,2277,友阿股份,湖南,百货,20090717
782,002278.SZ,2278,神开股份,上海,化工机械,20090811
783,002279.SZ,2279,久其软件,北京,软件服务,20090811
784,002280.SZ,2280,联络互动,浙江,软件服务,20090821
785,002281.SZ,2281,光迅科技,湖北,通信设备,20090821
786,002282.SZ,2282,博深股份,河北,机械基件,20090821
787,002283.SZ,2283,天润工业,山东,汽车配件,20090821
788,002284.SZ,2284,亚太股份,浙江,汽车配件,20090828
789,002285.SZ,2285,世联行,深圳,房产服务,20090828
790,002286.SZ,2286,保龄宝,山东,食品,20090828
791,002287.SZ,2287,奇正藏药,西藏,中成药,20090828
792,002288.SZ,2288,超华科技,广东,元器件,20090903
793,002289.SZ,2289,宇顺电子,深圳,元器件,20090903
794,002290.SZ,2290,禾盛新材,江苏,家用电器,20090903
795,002291.SZ,2291,遥望科技,广东,广告包装,20090903
796,002292.SZ,2292,奥飞娱乐,广东,影视音像,20090910
797,002293.SZ,2293,罗莱生活,江苏,纺织,20090910
798,002294.SZ,2294,信立泰,深圳,化学制药,20090910
799,002295.SZ,2295,精艺股份,广东,铜,20090929
800,002296.SZ,2296,辉煌科技,河南,通信设备,20090929
801,002297.SZ,2297,博云新材,湖南,矿物制品,20090929
802,002298.SZ,2298,中电兴发,安徽,软件服务,20090929
803,002299.SZ,2299,圣农发展,福建,农业综合,20091021
804,002300.SZ,2300,太阳电缆,福建,电气设备,20091021
805,002301.SZ,2301,齐心集团,深圳,文教休闲,20091021
806,002302.SZ,2302,西部建设,新疆,水泥,20091103
807,002303.SZ,2303,美盈森,深圳,造纸,20091103
808,002304.SZ,2304,洋河股份,江苏,白酒,20091106
809,002305.SZ,2305,南国置业,湖北,区域地产,20091106
810,002306.SZ,2306,中科云网,北京,互联网,20091111
811,002307.SZ,2307,北新路桥,新疆,建筑工程,20091111
812,002308.SZ,2308,威创股份,广东,IT设备,20091127
813,002309.SZ,2309,ST中利,江苏,电气设备,20091127
814,002310.SZ,2310,东方园林,北京,建筑工程,20091127
815,002311.SZ,2311,海大集团,广东,饲料,20091127
816,002312.SZ,2312,川发龙蟒,四川,化工原料,20091203
817,002313.SZ,2313,*ST日海,深圳,通信设备,20091203
818,002314.SZ,2314,南山控股,深圳,区域地产,20091203
819,002315.SZ,2315,焦点科技,江苏,互联网,20091209
820,002316.SZ,2316,*ST亚联,吉林,软件服务,20091209
821,002317.SZ,2317,众生药业,广东,中成药,20091211
822,002318.SZ,2318,久立特材,浙江,特种钢,20091211
823,002319.SZ,2319,乐通股份,广东,染料涂料,20091211
824,002320.SZ,2320,海峡股份,海南,水运,20091216
825,002321.SZ,2321,ST华英,河南,农业综合,20091216
826,002322.SZ,2322,理工能科,浙江,软件服务,20091218
827,002323.SZ,2323,雅博股份,山东,建筑工程,20091218
828,002324.SZ,2324,普利特,上海,塑料,20091218
829,002325.SZ,2325,洪涛股份,深圳,装修装饰,20091222
830,002326.SZ,2326,永太科技,浙江,化工原料,20091222
831,002327.SZ,2327,富安娜,深圳,纺织,20091230
832,002328.SZ,2328,新朋股份,上海,汽车配件,20091230
833,002329.SZ,2329,皇氏集团,广西,乳制品,20100106
834,002330.SZ,2330,得利斯,山东,食品,20100106
835,002331.SZ,2331,皖通科技,安徽,软件服务,20100106
836,002332.SZ,2332,仙琚制药,浙江,化学制药,20100112
837,002333.SZ,2333,罗普斯金,江苏,铝,20100112
838,002334.SZ,2334,英威腾,深圳,电气设备,20100113
839,002335.SZ,2335,科华数据,福建,电气设备,20100113
840,002336.SZ,2336,人人乐,深圳,超市连锁,20100113
841,002337.SZ,2337,赛象科技,天津,化工机械,20100115
842,002338.SZ,2338,奥普光电,吉林,电器仪表,20100115
843,002339.SZ,2339,积成电子,山东,电气设备,20100122
844,002340.SZ,2340,格林美,深圳,小金属,20100122
845,002341.SZ,2341,新纶新材,深圳,化工原料,20100122
846,002342.SZ,2342,巨力索具,河北,机械基件,20100126
847,002343.SZ,2343,慈文传媒,江西,影视音像,20100126
848,002344.SZ,2344,海宁皮城,浙江,商品城,20100126
849,002345.SZ,2345,潮宏基,广东,服饰,20100128
850,002346.SZ,2346,柘中股份,上海,电气设备,20100128
851,002347.SZ,2347,泰尔股份,安徽,机械基件,20100128
852,002348.SZ,2348,高乐股份,广东,文教休闲,20100203
853,002349.SZ,2349,精华制药,江苏,中成药,20100203
854,002350.SZ,2350,北京科锐,北京,电气设备,20100203
855,002351.SZ,2351,漫步者,深圳,IT设备,20100205
856,002352.SZ,2352,顺丰控股,深圳,仓储物流,20100205
857,002353.SZ,2353,杰瑞股份,山东,化工机械,20100205
858,002354.SZ,2354,天娱数科,辽宁,互联网,20100209
859,002355.SZ,2355,兴民智通,山东,汽车配件,20100209
860,002356.SZ,2356,赫美集团,深圳,其他商业,20100209
861,002357.SZ,2357,富临运业,四川,公路,20100210
862,002358.SZ,2358,ST森源,河南,电气设备,20100210
863,002360.SZ,2360,同德化工,山西,化工原料,20100303
864,002361.SZ,2361,神剑股份,安徽,化工原料,20100303
865,002362.SZ,2362,汉王科技,北京,软件服务,20100303
866,002363.SZ,2363,隆基机械,山东,汽车配件,20100305
867,002364.SZ,2364,中恒电气,浙江,电气设备,20100305
868,002365.SZ,2365,永安药业,湖北,化学制药,20100305
869,002366.SZ,2366,*ST海核,四川,专用机械,20100312
870,002367.SZ,2367,康力电梯,江苏,运输设备,20100312
871,002368.SZ,2368,太极股份,北京,软件服务,20100312
872,002369.SZ,2369,卓翼科技,深圳,通信设备,20100316
873,002370.SZ,2370,亚太药业,浙江,化学制药,20100316
874,002371.SZ,2371,北方华创,北京,半导体,20100316
875,002372.SZ,2372,伟星新材,浙江,其他建材,20100318
876,002373.SZ,2373,千方科技,北京,软件服务,20100318
877,002374.SZ,2374,中锐股份,山东,广告包装,20100318
878,002375.SZ,2375,亚厦股份,浙江,装修装饰,20100323
879,002376.SZ,2376,新北洋,山东,IT设备,20100323
880,002377.SZ,2377,国创高新,湖北,房产服务,20100323
881,002378.SZ,2378,章源钨业,江西,小金属,20100331
882,002379.SZ,2379,宏创控股,山东,铝,20100331
883,002380.SZ,2380,科远智慧,江苏,软件服务,20100331
884,002381.SZ,2381,双箭股份,浙江,橡胶,20100402
885,002382.SZ,2382,蓝帆医疗,山东,医疗保健,20100402
886,002383.SZ,2383,合众思壮,北京,通信设备,20100402
887,002384.SZ,2384,东山精密,江苏,元器件,20100409
888,002385.SZ,2385,大北农,北京,饲料,20100409
889,002386.SZ,2386,天原股份,四川,化工原料,20100409
890,002387.SZ,2387,维信诺,江苏,元器件,20100413
891,002388.SZ,2388,新亚制程,广东,元器件,20100413
892,002389.SZ,2389,航天彩虹,浙江,航空,20100413
893,002390.SZ,2390,信邦制药,贵州,医药商业,20100416
894,002391.SZ,2391,长青股份,江苏,农药化肥,20100416
895,002392.SZ,2392,北京利尔,北京,其他建材,20100423
896,002393.SZ,2393,力生制药,天津,化学制药,20100423
897,002394.SZ,2394,联发股份,江苏,纺织,20100423
898,002395.SZ,2395,双象股份,江苏,塑料,20100429
899,002396.SZ,2396,星网锐捷,福建,通信设备,20100623
900,002397.SZ,2397,梦洁股份,湖南,纺织,20100429
901,002398.SZ,2398,垒知集团,福建,其他建材,20100506
902,002399.SZ,2399,海普瑞,深圳,化学制药,20100506
903,002400.SZ,2400,省广集团,广东,广告包装,20100506
904,002401.SZ,2401,中远海科,上海,软件服务,20100506
905,002402.SZ,2402,和而泰,深圳,元器件,20100511
906,002403.SZ,2403,爱仕达,浙江,家用电器,20100511
907,002404.SZ,2404,嘉欣丝绸,浙江,纺织,20100511
908,002405.SZ,2405,四维图新,北京,软件服务,20100518
909,002406.SZ,2406,远东传动,河南,汽车配件,20100518
910,002407.SZ,2407,多氟多,河南,化工原料,20100518
911,002408.SZ,2408,齐翔腾达,山东,化工原料,20100518
912,002409.SZ,2409,雅克科技,江苏,化工原料,20100525
913,002410.SZ,2410,广联达,北京,软件服务,20100525
914,002411.SZ,2411,*ST必康,陕西,医药商业,20100525
915,002412.SZ,2412,汉森制药,湖南,中成药,20100525
916,002413.SZ,2413,雷科防务,江苏,通信设备,20100528
917,002414.SZ,2414,高德红外,湖北,电器仪表,20100716
918,002415.SZ,2415,海康威视,浙江,电器仪表,20100528
919,002416.SZ,2416,爱施德,深圳,电器连锁,20100528
920,002417.SZ,2417,*ST深南,深圳,软件服务,20100601
921,002418.SZ,2418,康盛股份,浙江,家用电器,20100601
922,002419.SZ,2419,天虹股份,深圳,百货,20100601
923,002420.SZ,2420,毅昌科技,广东,家用电器,20100601
924,002421.SZ,2421,达实智能,深圳,软件服务,20100603
925,002422.SZ,2422,科伦药业,四川,化学制药,20100603
926,002423.SZ,2423,中粮资本,河南,多元金融,20100603
927,002424.SZ,2424,贵州百灵,贵州,中成药,20100603
928,002425.SZ,2425,凯撒文化,广东,互联网,20100608
929,002426.SZ,2426,胜利精密,江苏,元器件,20100608
930,002427.SZ,2427,*ST尤夫,浙江,化纤,20100608
931,002428.SZ,2428,云南锗业,云南,小金属,20100608
932,002429.SZ,2429,兆驰股份,深圳,家用电器,20100610
933,002430.SZ,2430,杭氧股份,浙江,化工机械,20100610
934,002431.SZ,2431,棕榈股份,河南,建筑工程,20100610
935,002432.SZ,2432,九安医疗,天津,医疗保健,20100610
936,002433.SZ,2433,ST太安,广东,中成药,20100618
937,002434.SZ,2434,万里扬,浙江,汽车配件,20100618
938,002435.SZ,2435,长江健康,江苏,化学制药,20100618
939,002436.SZ,2436,兴森科技,深圳,元器件,20100618
940,002437.SZ,2437,誉衡药业,黑龙江,化学制药,20100623
941,002438.SZ,2438,江苏神通,江苏,机械基件,20100623
942,002439.SZ,2439,启明星辰,北京,软件服务,20100623
943,002440.SZ,2440,闰土股份,浙江,染料涂料,20100706
944,002441.SZ,2441,众业达,广东,电气设备,20100706
945,002442.SZ,2442,龙星化工,河北,化工原料,20100706
946,002443.SZ,2443,金洲管道,浙江,钢加工,20100706
947,002444.SZ,2444,巨星科技,浙江,轻工机械,20100713
948,002445.SZ,2445,中南文化,江苏,钢加工,20100713
949,002446.SZ,2446,盛路通信,广东,通信设备,20100713
950,002448.SZ,2448,中原内配,河南,汽车配件,20100716
951,002449.SZ,2449,国星光电,广东,半导体,20100716
952,002451.SZ,2451,摩恩电气,上海,电气设备,20100720
953,002452.SZ,2452,长高电新,湖南,电气设备,20100720
954,002453.SZ,2453,华软科技,江苏,软件服务,20100720
955,002454.SZ,2454,松芝股份,上海,汽车配件,20100720
956,002455.SZ,2455,百川股份,江苏,化工原料,20100803
957,002456.SZ,2456,欧菲光,深圳,元器件,20100803
958,002457.SZ,2457,青龙管业,宁夏,塑料,20100803
959,002458.SZ,2458,益生股份,山东,农业综合,20100810
960,002459.SZ,2459,晶澳科技,河北,电气设备,20100810
961,002460.SZ,2460,赣锋锂业,江西,小金属,20100810
962,002461.SZ,2461,珠江啤酒,广东,啤酒,20100818
963,002462.SZ,2462,嘉事堂,北京,医药商业,20100818
964,002463.SZ,2463,沪电股份,江苏,元器件,20100818
965,002465.SZ,2465,海格通信,广东,通信设备,20100831
966,002466.SZ,2466,天齐锂业,四川,小金属,20100831
967,002467.SZ,2467,二六三,北京,电信运营,20100908
968,002468.SZ,2468,申通快递,浙江,仓储物流,20100908
969,002469.SZ,2469,三维化学,山东,化工原料,20100908
970,002470.SZ,2470,ST金正,山东,农药化肥,20100908
971,002471.SZ,2471,中超控股,江苏,电气设备,20100910
972,002472.SZ,2472,双环传动,浙江,汽车配件,20100910
973,002474.SZ,2474,榕基软件,福建,软件服务,20100915
974,002475.SZ,2475,立讯精密,深圳,元器件,20100915
975,002476.SZ,2476,宝莫股份,山东,化工原料,20100915
976,002478.SZ,2478,常宝股份,江苏,钢加工,20100921
977,002479.SZ,2479,富春环保,浙江,环境保护,20100921
978,002480.SZ,2480,新筑股份,四川,机械基件,20100921
979,002481.SZ,2481,双塔食品,山东,食品,20100921
980,002482.SZ,2482,ST广田,深圳,装修装饰,20100929
981,002483.SZ,2483,润邦股份,江苏,工程机械,20100929
982,002484.SZ,2484,江海股份,江苏,元器件,20100929
983,002485.SZ,2485,*ST雪发,山东,服饰,20101015
984,002486.SZ,2486,嘉麟杰,上海,服饰,20101015
985,002487.SZ,2487,大金重工,辽宁,电气设备,20101015
986,002488.SZ,2488,金固股份,浙江,汽车配件,20101021
987,002489.SZ,2489,浙江永强,浙江,家居用品,20101021
988,002490.SZ,2490,山东墨龙,山东,化工机械,20101021
989,002491.SZ,2491,通鼎互联,江苏,通信设备,20101021
990,002492.SZ,2492,恒基达鑫,广东,仓储物流,20101102
991,002493.SZ,2493,荣盛石化,浙江,化纤,20101102
992,002494.SZ,2494,华斯股份,河北,服饰,20101102
993,002495.SZ,2495,佳隆股份,广东,食品,20101102
994,002496.SZ,2496,辉丰股份,江苏,农药化肥,20101109
995,002497.SZ,2497,雅化集团,四川,化工原料,20101109
996,002498.SZ,2498,汉缆股份,山东,电气设备,20101109
997,002499.SZ,2499,*ST科林,江苏,环境保护,20101109
998,002500.SZ,2500,山西证券,山西,证券,20101115
999,002501.SZ,2501,利源精制,吉林,铝,20101117
1000,002502.SZ,2502,鼎龙文化,广东,影视音像,20101117
1001,002503.SZ,2503,搜于特,广东,服饰,20101117
1002,002504.SZ,2504,ST弘高,北京,装修装饰,20101118
1003,002505.SZ,2505,鹏都农牧,湖南,商贸代理,20101118
1004,002506.SZ,2506,协鑫集成,上海,电气设备,20101118
1005,002507.SZ,2507,涪陵榨菜,重庆,食品,20101123
1006,002508.SZ,2508,老板电器,浙江,家用电器,20101123
1007,002510.SZ,2510,天汽模,天津,汽车配件,20101125
1008,002511.SZ,2511,中顺洁柔,广东,造纸,20101125
1009,002512.SZ,2512,达华智能,福建,元器件,20101203
1010,002513.SZ,2513,蓝丰生化,江苏,农药化肥,20101203
1011,002514.SZ,2514,宝馨科技,江苏,机械基件,20101203
1012,002515.SZ,2515,金字火腿,浙江,食品,20101203
1013,002516.SZ,2516,旷达科技,江苏,汽车配件,20101207
1014,002517.SZ,2517,恺英网络,福建,互联网,20101207
1015,002518.SZ,2518,科士达,深圳,电气设备,20101207
1016,002519.SZ,2519,银河电子,江苏,通信设备,20101207
1017,002520.SZ,2520,日发精机,浙江,机床制造,20101210
1018,002521.SZ,2521,齐峰新材,山东,造纸,20101210
1019,002522.SZ,2522,浙江众成,浙江,塑料,20101210
1020,002523.SZ,2523,天桥起重,湖南,工程机械,20101210
1021,002524.SZ,2524,光正眼科,新疆,医疗保健,20101217
1022,002526.SZ,2526,山东矿机,山东,工程机械,20101217
1023,002527.SZ,2527,新时达,上海,电器仪表,20101224
1024,002528.SZ,2528,英飞拓,深圳,IT设备,20101224
1025,002529.SZ,2529,海源复材,江西,专用机械,20101224
1026,002530.SZ,2530,金财互联,江苏,软件服务,20101231
1027,002531.SZ,2531,天顺风能,江苏,电气设备,20101231
1028,002532.SZ,2532,天山铝业,浙江,铝,20101231
1029,002533.SZ,2533,金杯电工,湖南,电气设备,20101231
1030,002534.SZ,2534,西子洁能,浙江,专用机械,20110110
1031,002535.SZ,2535,ST林重,河南,工程机械,20110111
1032,002536.SZ,2536,飞龙股份,河南,汽车配件,20110111
1033,002537.SZ,2537,海联金汇,山东,汽车配件,20110110
1034,002538.SZ,2538,司尔特,安徽,农药化肥,20110118
1035,002539.SZ,2539,云图控股,四川,农药化肥,20110118
1036,002540.SZ,2540,亚太科技,江苏,铝,20110118
1037,002541.SZ,2541,鸿路钢构,安徽,钢加工,20110118
1038,002542.SZ,2542,中化岩土,北京,建筑工程,20110128
1039,002543.SZ,2543,万和电气,广东,家用电器,20110128
1040,002544.SZ,2544,普天科技,广东,通信设备,20110128
1041,002545.SZ,2545,东方铁塔,山东,钢加工,20110211
1042,002546.SZ,2546,新联电子,江苏,电气设备,20110211
1043,002547.SZ,2547,春兴精工,江苏,通信设备,20110218
1044,002548.SZ,2548,金新农,深圳,饲料,20110218
1045,002549.SZ,2549,凯美特气,湖南,环境保护,20110218
1046,002550.SZ,2550,千红制药,江苏,生物制药,20110218
1047,002551.SZ,2551,尚荣医疗,深圳,医疗保健,20110225
1048,002552.SZ,2552,宝鼎科技,浙江,机械基件,20110225
1049,002553.SZ,2553,南方精工,江苏,汽车配件,20110225
1050,002554.SZ,2554,惠博普,湖南,石油开采,20110225
1051,002555.SZ,2555,三七互娱,安徽,互联网,20110302
1052,002556.SZ,2556,辉隆股份,安徽,农药化肥,20110302
1053,002557.SZ,2557,洽洽食品,安徽,食品,20110302
1054,002558.SZ,2558,巨人网络,重庆,互联网,20110302
1055,002559.SZ,2559,亚威股份,江苏,机床制造,20110303
1056,002560.SZ,2560,通达股份,河南,电气设备,20110303
1057,002561.SZ,2561,徐家汇,上海,百货,20110303
1058,002562.SZ,2562,兄弟科技,浙江,化学制药,20110310
1059,002563.SZ,2563,森马服饰,浙江,服饰,20110311
1060,002564.SZ,2564,天沃科技,江苏,建筑工程,20110310
1061,002565.SZ,2565,顺灏股份,上海,造纸,20110318
1062,002566.SZ,2566,益盛药业,吉林,中成药,20110318
1063,002567.SZ,2567,唐人神,湖南,饲料,20110325
1064,002568.SZ,2568,百润股份,上海,红黄酒,20110325
1065,002569.SZ,2569,ST步森,浙江,服饰,20110412
1066,002570.SZ,2570,贝因美,浙江,乳制品,20110412
1067,002571.SZ,2571,德力股份,安徽,家居用品,20110412
1068,002572.SZ,2572,索菲亚,广东,家居用品,20110412
1069,002573.SZ,2573,清新环境,北京,环境保护,20110422
1070,002574.SZ,2574,明牌珠宝,浙江,服饰,20110422
1071,002575.SZ,2575,群兴玩具,广东,文教休闲,20110422
1072,002576.SZ,2576,通达动力,江苏,电气设备,20110428
1073,002577.SZ,2577,雷柏科技,深圳,IT设备,20110428
1074,002578.SZ,2578,闽发铝业,福建,铝,20110428
1075,002579.SZ,2579,中京电子,广东,元器件,20110506
1076,002580.SZ,2580,圣阳股份,山东,电气设备,20110506
1077,002581.SZ,2581,未名医药,山东,生物制药,20110520
1078,002582.SZ,2582,好想你,河南,食品,20110520
1079,002583.SZ,2583,海能达,深圳,通信设备,20110527
1080,002584.SZ,2584,西陇科学,广东,化工原料,20110602
1081,002585.SZ,2585,双星新材,江苏,塑料,20110602
1082,002586.SZ,2586,ST围海,浙江,建筑工程,20110602
1083,002587.SZ,2587,奥拓电子,深圳,元器件,20110610
1084,002588.SZ,2588,史丹利,山东,农药化肥,20110610
1085,002589.SZ,2589,瑞康医药,山东,医药商业,20110610
1086,002590.SZ,2590,万安科技,浙江,汽车配件,20110610
1087,002591.SZ,2591,恒大高新,江西,环境保护,20110621
1088,002592.SZ,2592,ST八菱,广西,汽车配件,20111111
1089,002593.SZ,2593,日上集团,福建,钢加工,20110628
1090,002594.SZ,2594,比亚迪,深圳,汽车整车,20110630
1091,002595.SZ,2595,豪迈科技,山东,专用机械,20110628
1092,002596.SZ,2596,海南瑞泽,海南,其他建材,20110707
1093,002597.SZ,2597,金禾实业,安徽,食品,20110707
1094,002598.SZ,2598,山东章鼓,山东,机械基件,20110707
1095,002599.SZ,2599,盛通股份,北京,广告包装,20110715
1096,002600.SZ,2600,领益智造,广东,元器件,20110715
1097,002601.SZ,2601,龙佰集团,河南,化工原料,20110715
1098,002602.SZ,2602,世纪华通,浙江,互联网,20110728
1099,002603.SZ,2603,以岭药业,河北,中成药,20110728
1100,002605.SZ,2605,姚记科技,上海,互联网,20110805
1101,002606.SZ,2606,大连电瓷,辽宁,电气设备,20110805
1102,002607.SZ,2607,中公教育,安徽,文教休闲,20110810
1103,002608.SZ,2608,江苏国信,江苏,火力发电,20110810
1104,002609.SZ,2609,捷顺科技,深圳,软件服务,20110815
1105,002610.SZ,2610,爱康科技,江苏,电气设备,20110815
1106,002611.SZ,2611,东方精工,广东,轻工机械,20110830
1107,002612.SZ,2612,朗姿股份,北京,服饰,20110830
1108,002613.SZ,2613,北玻股份,河南,专用机械,20110830
1109,002614.SZ,2614,奥佳华,福建,家用电器,20110909
1110,002615.SZ,2615,哈尔斯,浙江,家居用品,20110909
1111,002616.SZ,2616,长青集团,广东,环境保护,20110920
1112,002617.SZ,2617,露笑科技,浙江,电气设备,20110920
1113,002620.SZ,2620,瑞和股份,深圳,装修装饰,20110929
1114,002621.SZ,2621,美吉姆,辽宁,文教休闲,20110929
1115,002622.SZ,2622,皓宸医疗,吉林,电气设备,20111018
1116,002623.SZ,2623,亚玛顿,江苏,玻璃,20111013
1117,002624.SZ,2624,完美世界,浙江,影视音像,20111028
1118,002625.SZ,2625,光启技术,深圳,航空,20111103
1119,002626.SZ,2626,金达威,福建,医疗保健,20111028
1120,002627.SZ,2627,三峡旅游,湖北,公共交通,20111103
1121,002628.SZ,2628,成都路桥,四川,建筑工程,20111103
1122,002629.SZ,2629,仁智股份,浙江,石油开采,20111103
1123,002630.SZ,2630,华西能源,四川,专用机械,20111111
1124,002631.SZ,2631,德尔未来,江苏,家居用品,20111111
1125,002632.SZ,2632,道明光学,浙江,塑料,20111122
1126,002633.SZ,2633,申科股份,浙江,机械基件,20111122
1127,002634.SZ,2634,棒杰股份,浙江,服饰,20111205
1128,002635.SZ,2635,安洁科技,江苏,元器件,20111125
1129,002636.SZ,2636,金安国纪,上海,元器件,20111125
1130,002637.SZ,2637,赞宇科技,浙江,日用化工,20111125
1131,002638.SZ,2638,勤上股份,广东,文教休闲,20111125
1132,002639.SZ,2639,雪人股份,福建,专用机械,20111205
1133,002640.SZ,2640,跨境通,山西,互联网,20111208
1134,002641.SZ,2641,公元股份,浙江,塑料,20111208
1135,002642.SZ,2642,荣联科技,北京,软件服务,20111220
1136,002643.SZ,2643,万润股份,山东,化工原料,20111220
1137,002644.SZ,2644,佛慈制药,甘肃,中成药,20111222
1138,002645.SZ,2645,华宏科技,江苏,专用机械,20111220
1139,002646.SZ,2646,天佑德酒,青海,白酒,20111222
1140,002647.SZ,2647,仁东控股,广东,多元金融,20111228
1141,002648.SZ,2648,卫星化学,浙江,化工原料,20111228
1142,002649.SZ,2649,博彦科技,北京,软件服务,20120106
1143,002650.SZ,2650,加加食品,湖南,食品,20120106
1144,002651.SZ,2651,利君股份,四川,专用机械,20120106
1145,002652.SZ,2652,扬子新材,江苏,其他建材,20120119
1146,002653.SZ,2653,海思科,西藏,化学制药,20120117
1147,002654.SZ,2654,万润科技,深圳,互联网,20120217
1148,002655.SZ,2655,共达电声,山东,元器件,20120217
1149,002656.SZ,2656,ST摩登,广东,服饰,20120228
1150,002657.SZ,2657,中科金财,北京,软件服务,20120228
1151,002658.SZ,2658,雪迪龙,北京,环境保护,20120309
1152,002659.SZ,2659,凯文教育,北京,文教休闲,20120309
1153,002660.SZ,2660,茂硕电源,深圳,电气设备,20120316
1154,002661.SZ,2661,克明食品,湖南,食品,20120316
1155,002662.SZ,2662,京威股份,北京,汽车配件,20120309
1156,002663.SZ,2663,普邦股份,广东,建筑工程,20120316
1157,002664.SZ,2664,信质集团,浙江,汽车配件,20120316
1158,002665.SZ,2665,首航高科,甘肃,电气设备,20120327
1159,002666.SZ,2666,德联集团,广东,化工原料,20120327
1160,002667.SZ,2667,鞍重股份,辽宁,工程机械,20120329
1161,002668.SZ,2668,奥马电器,广东,家用电器,20120416
1162,002669.SZ,2669,康达新材,上海,化工原料,20120416
1163,002670.SZ,2670,国盛金控,广东,证券,20120416
1164,002671.SZ,2671,龙泉股份,山东,其他建材,20120426
1165,002672.SZ,2672,东江环保,深圳,环境保护,20120426
1166,002673.SZ,2673,西部证券,陕西,证券,20120503
1167,002674.SZ,2674,兴业科技,福建,纺织,20120507
1168,002675.SZ,2675,东诚药业,山东,化学制药,20120525
1169,002676.SZ,2676,顺威股份,广东,家用电器,20120525
1170,002677.SZ,2677,浙江美大,浙江,家用电器,20120525
1171,002678.SZ,2678,珠江钢琴,广东,文教休闲,20120530
1172,002679.SZ,2679,福建金森,福建,林业,20120605
1173,002681.SZ,2681,奋达科技,深圳,元器件,20120605
1174,002682.SZ,2682,龙洲股份,福建,仓储物流,20120612
1175,002683.SZ,2683,广东宏大,广东,化工原料,20120612
1176,002685.SZ,2685,华东重机,江苏,机床制造,20120612
1177,002686.SZ,2686,亿利达,浙江,专用机械,20120703
1178,002687.SZ,2687,乔治白,浙江,服饰,20120713
1179,002688.SZ,2688,金河生物,内蒙,农业综合,20120713
1180,002689.SZ,2689,远大智能,辽宁,运输设备,20120717
1181,002690.SZ,2690,美亚光电,安徽,专用机械,20120731
1182,002691.SZ,2691,冀凯股份,河北,专用机械,20120731
1183,002692.SZ,2692,ST远程,江苏,电气设备,20120808
1184,002693.SZ,2693,双成药业,海南,生物制药,20120808
1185,002694.SZ,2694,顾地科技,湖北,塑料,20120816
1186,002695.SZ,2695,煌上煌,江西,食品,20120905
1187,002696.SZ,2696,百洋股份,广西,饲料,20120905
1188,002697.SZ,2697,红旗连锁,四川,超市连锁,20120905
1189,002698.SZ,2698,博实股份,黑龙江,化工机械,20120911
1190,002699.SZ,2699,ST美盛,浙江,影视音像,20120911
1191,002700.SZ,2700,ST浩源,新疆,供气供热,20120921
1192,002701.SZ,2701,奥瑞金,北京,广告包装,20121011
1193,002702.SZ,2702,海欣食品,福建,食品,20121011
1194,002703.SZ,2703,浙江世宝,浙江,汽车配件,20121102
1195,002705.SZ,2705,新宝股份,广东,家用电器,20140121
1196,002706.SZ,2706,良信股份,上海,电气设备,20140121
1197,002707.SZ,2707,众信旅游,北京,旅游服务,20140123
1198,002708.SZ,2708,光洋股份,江苏,汽车配件,20140121
1199,002709.SZ,2709,天赐材料,广东,化工原料,20140123
1200,002712.SZ,2712,思美传媒,浙江,广告包装,20140123
1201,002713.SZ,2713,东易日盛,北京,装修装饰,20140219
1202,002714.SZ,2714,牧原股份,河南,农业综合,20140128
1203,002715.SZ,2715,登云股份,广东,汽车配件,20140219
1204,002716.SZ,2716,金贵银业,湖南,小金属,20140128
1205,002717.SZ,2717,岭南股份,广东,环境保护,20140219
1206,002718.SZ,2718,友邦吊顶,浙江,其他建材,20140128
1207,002719.SZ,2719,麦趣尔,新疆,乳制品,20140128
1208,002721.SZ,2721,金一文化,北京,服饰,20140127
1209,002722.SZ,2722,物产金轮,江苏,纺织机械,20140128
1210,002723.SZ,2723,小崧股份,广东,家用电器,20140129
1211,002724.SZ,2724,海洋王,深圳,半导体,20141104
1212,002725.SZ,2725,跃岭股份,浙江,汽车配件,20140129
1213,002726.SZ,2726,龙大美食,山东,食品,20140626
1214,002727.SZ,2727,一心堂,云南,医药商业,20140702
1215,002728.SZ,2728,特一药业,广东,中成药,20140731
1216,002729.SZ,2729,好利科技,福建,元器件,20140912
1217,002730.SZ,2730,电光科技,浙江,专用机械,20141009
1218,002731.SZ,2731,萃华珠宝,辽宁,服饰,20141104
1219,002732.SZ,2732,燕塘乳业,广东,乳制品,20141205
1220,002733.SZ,2733,雄韬股份,深圳,电气设备,20141203
1221,002734.SZ,2734,利民股份,江苏,农药化肥,20150127
1222,002735.SZ,2735,王子新材,深圳,塑料,20141203
1223,002736.SZ,2736,国信证券,深圳,证券,20141229
1224,002737.SZ,2737,葵花药业,黑龙江,中成药,20141230
1225,002738.SZ,2738,中矿资源,北京,小金属,20141230
1226,002739.SZ,2739,万达电影,北京,影视音像,20150122
1227,002740.SZ,2740,ST爱迪尔,福建,服饰,20150122
1228,002741.SZ,2741,光华科技,广东,化工原料,20150216
1229,002742.SZ,2742,ST三圣,重庆,其他建材,20150217
1230,002743.SZ,2743,富煌钢构,安徽,钢加工,20150217
1231,002745.SZ,2745,木林森,广东,电气设备,20150217
1232,002746.SZ,2746,仙坛股份,山东,农业综合,20150216
1233,002747.SZ,2747,埃斯顿,江苏,机械基件,20150320
1234,002748.SZ,2748,世龙实业,江西,化工原料,20150319
1235,002749.SZ,2749,国光股份,四川,农药化肥,20150320
1236,002750.SZ,2750,龙津药业,云南,中成药,20150324
1237,002751.SZ,2751,*ST易尚,深圳,家居用品,20150424
1238,002752.SZ,2752,昇兴股份,福建,广告包装,20150422
1239,002753.SZ,2753,永东股份,山西,化工原料,20150519
1240,002755.SZ,2755,奥赛康,北京,化学制药,20150515
1241,002756.SZ,2756,永兴材料,浙江,特种钢,20150515
1242,002757.SZ,2757,南兴股份,广东,专用机械,20150527
1243,002758.SZ,2758,浙农股份,浙江,汽车服务,20150527
1244,002759.SZ,2759,天际股份,广东,家用电器,20150528
1245,002760.SZ,2760,凤形股份,江西,机械基件,20150611
1246,002761.SZ,2761,浙江建投,浙江,建筑工程,20150610
1247,002762.SZ,2762,金发拉比,广东,服饰,20150610
1248,002763.SZ,2763,汇洁股份,深圳,服饰,20150610
1249,002765.SZ,2765,蓝黛科技,重庆,元器件,20150612
1250,002766.SZ,2766,索菱股份,深圳,汽车配件,20150611
1251,002767.SZ,2767,先锋电子,浙江,电器仪表,20150612
1252,002768.SZ,2768,国恩股份,山东,塑料,20150630
1253,002769.SZ,2769,普路通,深圳,仓储物流,20150629
1254,002771.SZ,2771,真视通,北京,软件服务,20150629
1255,002772.SZ,2772,众兴菌业,甘肃,种植业,20150626
1256,002773.SZ,2773,康弘药业,四川,化学制药,20150626
1257,002774.SZ,2774,快意电梯,广东,运输设备,20170324
1258,002775.SZ,2775,文科园林,深圳,建筑工程,20150629
1259,002776.SZ,2776,ST柏龙,广东,服饰,20150626
1260,002777.SZ,2777,久远银海,四川,软件服务,20151231
1261,002778.SZ,2778,中晟高科,江苏,石油加工,20160106
1262,002779.SZ,2779,中坚科技,浙江,农用机械,20151209
1263,002780.SZ,2780,三夫户外,北京,服饰,20151209
1264,002781.SZ,2781,*ST奇信,江西,装修装饰,20151222
1265,002782.SZ,2782,可立克,深圳,电气设备,20151222
1266,002783.SZ,2783,凯龙股份,湖北,化工原料,20151209
1267,002785.SZ,2785,万里石,福建,其他建材,20151223
1268,002786.SZ,2786,银宝山新,深圳,专用机械,20151223
1269,002787.SZ,2787,华源控股,江苏,广告包装,20151231
1270,002788.SZ,2788,鹭燕医药,福建,医药商业,20160218
1271,002789.SZ,2789,建艺集团,深圳,装修装饰,20160311
1272,002790.SZ,2790,瑞尔特,福建,家居用品,20160308
1273,002791.SZ,2791,坚朗五金,广东,其他建材,20160329
1274,002792.SZ,2792,通宇通讯,广东,通信设备,20160328
1275,002793.SZ,2793,罗欣药业,浙江,化学制药,20160415
1276,002795.SZ,2795,永和智控,浙江,机械基件,20160428
1277,002796.SZ,2796,世嘉科技,江苏,通信设备,20160510
1278,002797.SZ,2797,第一创业,深圳,证券,20160511
1279,002798.SZ,2798,帝欧家居,四川,家居用品,20160525
1280,002799.SZ,2799,环球印务,陕西,广告包装,20160608
1281,002800.SZ,2800,天顺股份,新疆,仓储物流,20160530
1282,002801.SZ,2801,微光股份,浙江,电气设备,20160622
1283,002802.SZ,2802,洪汇新材,江苏,化工原料,20160629
1284,002803.SZ,2803,吉宏股份,福建,互联网,20160712
1285,002805.SZ,2805,丰元股份,山东,电气设备,20160707
1286,002806.SZ,2806,华锋股份,广东,铝,20160726
1287,002807.SZ,2807,江阴银行,江苏,银行,20160902
1288,002808.SZ,2808,恒久科技,江苏,元器件,20160812
1289,002809.SZ,2809,红墙股份,广东,化工原料,20160823
1290,002810.SZ,2810,山东赫达,山东,化工原料,20160826
1291,002811.SZ,2811,郑中设计,深圳,装修装饰,20160908
1292,002812.SZ,2812,恩捷股份,云南,电气设备,20160914
1293,002813.SZ,2813,路畅科技,深圳,汽车配件,20161012
1294,002815.SZ,2815,崇达技术,深圳,元器件,20161012
1295,002816.SZ,2816,和科达,深圳,专用机械,20161025
1296,002817.SZ,2817,黄山胶囊,安徽,化学制药,20161025
1297,002818.SZ,2818,富森美,四川,其他商业,20161109
1298,002819.SZ,2819,东方中科,北京,电器仪表,20161111
1299,002820.SZ,2820,桂发祥,天津,食品,20161118
1300,002821.SZ,2821,凯莱英,天津,生物制药,20161118
1301,002822.SZ,2822,中装建设,深圳,装修装饰,20161129
1302,002823.SZ,2823,凯中精密,深圳,机械基件,20161124
1303,002824.SZ,2824,和胜股份,广东,铝,20170112
1304,002825.SZ,2825,纳尔股份,上海,化工原料,20161129
1305,002826.SZ,2826,易明医药,西藏,化学制药,20161209
1306,002827.SZ,2827,高争民爆,西藏,化工原料,20161209
1307,002828.SZ,2828,贝肯能源,新疆,石油开采,20161208
1308,002829.SZ,2829,星网宇达,北京,航空,20161213
1309,002830.SZ,2830,名雕股份,深圳,装修装饰,20161213
1310,002831.SZ,2831,裕同科技,深圳,广告包装,20161216
1311,002832.SZ,2832,比音勒芬,广东,服饰,20161223
1312,002833.SZ,2833,弘亚数控,广东,专用机械,20161228
1313,002835.SZ,2835,同为股份,深圳,IT设备,20161228
1314,002836.SZ,2836,新宏泽,广东,广告包装,20161229
1315,002837.SZ,2837,英维克,深圳,专用机械,20161229
1316,002838.SZ,2838,道恩股份,山东,塑料,20170106
1317,002839.SZ,2839,张家港行,江苏,银行,20170124
1318,002840.SZ,2840,华统股份,浙江,食品,20170110
1319,002841.SZ,2841,视源股份,广东,元器件,20170119
1320,002842.SZ,2842,翔鹭钨业,广东,小金属,20170119
1321,002843.SZ,2843,泰嘉股份,湖南,钢加工,20170120
1322,002845.SZ,2845,同兴达,深圳,元器件,20170125
1323,002846.SZ,2846,英联股份,广东,广告包装,20170207
1324,002847.SZ,2847,盐津铺子,湖南,食品,20170208
1325,002848.SZ,2848,高斯贝尔,湖南,家用电器,20170213
1326,002849.SZ,2849,威星智能,浙江,电器仪表,20170217
1327,002850.SZ,2850,科达利,深圳,电气设备,20170302
1328,002851.SZ,2851,麦格米特,深圳,电气设备,20170306
1329,002852.SZ,2852,道道全,湖南,食品,20170310
1330,002853.SZ,2853,皮阿诺,广东,家居用品,20170310
1331,002855.SZ,2855,捷荣技术,广东,元器件,20170321
1332,002856.SZ,2856,美芝股份,深圳,装修装饰,20170320
1333,002857.SZ,2857,三晖电气,河南,电器仪表,20170323
1334,002858.SZ,2858,力盛体育,上海,文教休闲,20170324
1335,002859.SZ,2859,洁美科技,浙江,元器件,20170407
1336,002860.SZ,2860,星帅尔,浙江,家用电器,20170412
1337,002861.SZ,2861,瀛通通讯,湖北,通信设备,20170413
1338,002862.SZ,2862,实丰文化,广东,文教休闲,20170411
1339,002863.SZ,2863,今飞凯达,浙江,汽车配件,20170418
1340,002864.SZ,2864,盘龙药业,陕西,中成药,20171116
1341,002865.SZ,2865,钧达股份,海南,电气设备,20170425
1342,002866.SZ,2866,传艺科技,江苏,IT设备,20170426
1343,002867.SZ,2867,周大生,深圳,服饰,20170427
1344,002868.SZ,2868,绿康生化,福建,农业综合,20170503
1345,002869.SZ,2869,金溢科技,深圳,通信设备,20170515
1346,002870.SZ,2870,香山股份,广东,汽车配件,20170515
1347,002871.SZ,2871,伟隆股份,山东,机械基件,20170511
1348,002872.SZ,2872,ST天圣,重庆,医药商业,20170519
1349,002873.SZ,2873,新天药业,贵州,中成药,20170519
1350,002875.SZ,2875,安奈儿,深圳,服饰,20170601
1351,002876.SZ,2876,三利谱,深圳,元器件,20170525
1352,002877.SZ,2877,智能自控,江苏,机械基件,20170605
1353,002878.SZ,2878,元隆雅图,北京,文教休闲,20170606
1354,002879.SZ,2879,长缆科技,湖南,电气设备,20170707
1355,002880.SZ,2880,卫光生物,深圳,生物制药,20170616
1356,002881.SZ,2881,美格智能,深圳,通信设备,20170622
1357,002882.SZ,2882,金龙羽,深圳,电气设备,20170717
1358,002883.SZ,2883,中设股份,江苏,建筑工程,20170620
1359,002884.SZ,2884,凌霄泵业,广东,机械基件,20170711
1360,002885.SZ,2885,京泉华,深圳,元器件,20170627
1361,002886.SZ,2886,沃特股份,深圳,塑料,20170627
1362,002887.SZ,2887,绿茵生态,天津,环境保护,20170801
1363,002888.SZ,2888,惠威科技,广东,元器件,20170721
1364,002889.SZ,2889,东方嘉盛,深圳,仓储物流,20170731
1365,002890.SZ,2890,弘宇股份,山东,农用机械,20170802
1366,002891.SZ,2891,中宠股份,山东,饲料,20170821
1367,002892.SZ,2892,科力尔,湖南,电气设备,20170817
1368,002893.SZ,2893,华通热力,北京,供气供热,20170915
1369,002895.SZ,2895,川恒股份,贵州,化工原料,20170825
1370,002896.SZ,2896,中大力德,浙江,机械基件,20170829
1371,002897.SZ,2897,意华股份,浙江,元器件,20170907
1372,002898.SZ,2898,赛隆药业,广东,化学制药,20170912
1373,002899.SZ,2899,英派斯,山东,文教休闲,20170915
1374,002900.SZ,2900,哈三联,黑龙江,化学制药,20170922
1375,002901.SZ,2901,大博医疗,福建,医疗保健,20170922
1376,002902.SZ,2902,铭普光磁,广东,元器件,20170929
1377,002903.SZ,2903,宇环数控,湖南,机床制造,20171013
1378,002905.SZ,2905,金逸影视,广东,影视音像,20171016
1379,002906.SZ,2906,华阳集团,广东,汽车配件,20171013
1380,002907.SZ,2907,华森制药,重庆,中成药,20171020
1381,002908.SZ,2908,德生科技,广东,元器件,20171020
1382,002909.SZ,2909,集泰股份,广东,化工原料,20171026
1383,002910.SZ,2910,庄园牧场,甘肃,乳制品,20171031
1384,002911.SZ,2911,佛燃能源,广东,供气供热,20171122
1385,002912.SZ,2912,中新赛克,深圳,软件服务,20171121
1386,002913.SZ,2913,奥士康,湖南,元器件,20171201
1387,002915.SZ,2915,中欣氟材,浙江,化工原料,20171205
1388,002916.SZ,2916,深南电路,深圳,元器件,20171213
1389,002917.SZ,2917,金奥博,深圳,化工原料,20171208
1390,002918.SZ,2918,蒙娜丽莎,广东,陶瓷,20171219
1391,002919.SZ,2919,名臣健康,广东,日用化工,20171218
1392,002920.SZ,2920,德赛西威,广东,汽车配件,20171226
1393,002921.SZ,2921,联诚精密,山东,汽车配件,20171227
1394,002922.SZ,2922,伊戈尔,广东,电气设备,20171229
1395,002923.SZ,2923,润都股份,广东,化学制药,20180105
1396,002925.SZ,2925,盈趣科技,福建,元器件,20180115
1397,002926.SZ,2926,华西证券,四川,证券,20180205
1398,002927.SZ,2927,泰永长征,贵州,电气设备,20180223
1399,002928.SZ,2928,华夏航空,贵州,空运,20180302
1400,002929.SZ,2929,润建股份,广西,通信设备,20180301
1401,002930.SZ,2930,宏川智慧,广东,仓储物流,20180328
1402,002931.SZ,2931,锋龙股份,浙江,机械基件,20180403
1403,002932.SZ,2932,明德生物,湖北,医疗保健,20180710
1404,002933.SZ,2933,新兴装备,北京,航空,20180828
1405,002935.SZ,2935,天奥电子,四川,航空,20180903
1406,002936.SZ,2936,郑州银行,河南,银行,20180919
1407,002937.SZ,2937,兴瑞科技,浙江,元器件,20180926
1408,002938.SZ,2938,鹏鼎控股,深圳,元器件,20180918
1409,002939.SZ,2939,长城证券,深圳,证券,20181026
1410,002940.SZ,2940,昂利康,浙江,化学制药,20181023
1411,002941.SZ,2941,新疆交建,新疆,建筑工程,20181128
1412,002942.SZ,2942,新农股份,浙江,农药化肥,20181205
1413,002943.SZ,2943,宇晶股份,湖南,机床制造,20181129
1507,300001.SZ,300001,特锐德,山东,电气设备,20091030
1508,300002.SZ,300002,神州泰岳,北京,软件服务,20091030
1509,300003.SZ,300003,乐普医疗,北京,医疗保健,20091030
1510,300004.SZ,300004,南风股份,广东,电气设备,20091030
1511,300005.SZ,300005,探路者,北京,服饰,20091030
1512,300006.SZ,300006,莱美药业,重庆,化学制药,20091030
1513,300007.SZ,300007,汉威科技,河南,电器仪表,20091030
1514,300008.SZ,300008,天海防务,上海,船舶,20091030
1515,300009.SZ,300009,安科生物,安徽,生物制药,20091030
1516,300010.SZ,300010,豆神教育,北京,软件服务,20091030
1517,300011.SZ,300011,鼎汉技术,北京,运输设备,20091030
1518,300012.SZ,300012,华测检测,深圳,电器仪表,20091030
1519,300013.SZ,300013,新宁物流,河南,仓储物流,20091030
1520,300014.SZ,300014,亿纬锂能,广东,电气设备,20091030
1521,300015.SZ,300015,爱尔眼科,湖南,医疗保健,20091030
1522,300016.SZ,300016,北陆药业,北京,化学制药,20091030
1523,300017.SZ,300017,网宿科技,上海,软件服务,20091030
1524,300018.SZ,300018,中元股份,湖北,电气设备,20091030
1525,300019.SZ,300019,硅宝科技,四川,化工原料,20091030
1526,300020.SZ,300020,银江技术,浙江,软件服务,20091030
1527,300021.SZ,300021,大禹节水,甘肃,农业综合,20091030
1528,300022.SZ,300022,吉峰科技,四川,农用机械,20091030
1529,300024.SZ,300024,机器人,辽宁,专用机械,20091030
1530,300025.SZ,300025,华星创业,浙江,通信设备,20091030
1531,300026.SZ,300026,红日药业,天津,中成药,20091030
1532,300027.SZ,300027,华谊兄弟,浙江,影视音像,20091030
1533,300029.SZ,300029,ST天龙,江苏,电气设备,20091225
1534,300030.SZ,300030,阳普医疗,广东,医疗保健,20091225
1535,300031.SZ,300031,宝通科技,江苏,互联网,20091225
1536,300032.SZ,300032,金龙机电,浙江,元器件,20091225
1537,300033.SZ,300033,同花顺,浙江,软件服务,20091225
1538,300034.SZ,300034,钢研高纳,北京,航空,20091225
1539,300035.SZ,300035,中科电气,湖南,电气设备,20091225
1540,300036.SZ,300036,超图软件,北京,软件服务,20091225
1541,300037.SZ,300037,新宙邦,深圳,化工原料,20100108
1542,300039.SZ,300039,上海凯宝,上海,中成药,20100108
1543,300040.SZ,300040,九洲集团,黑龙江,电气设备,20100108
1544,300041.SZ,300041,回天新材,湖北,化工原料,20100108
1545,300042.SZ,300042,朗科科技,深圳,IT设备,20100108
1546,300043.SZ,300043,星辉娱乐,广东,文教休闲,20100120
1547,300044.SZ,300044,赛为智能,深圳,软件服务,20100120
1548,300045.SZ,300045,华力创通,北京,IT设备,20100120
1549,300046.SZ,300046,台基股份,湖北,半导体,20100120
1550,300047.SZ,300047,天源迪科,深圳,软件服务,20100120
1551,300048.SZ,300048,合康新能,北京,电气设备,20100120
1552,300049.SZ,300049,福瑞股份,内蒙,医疗保健,20100120
1553,300050.SZ,300050,世纪鼎利,广东,通信设备,20100120
1554,300051.SZ,300051,三五互联,福建,互联网,20100211
1555,300052.SZ,300052,中青宝,深圳,互联网,20100211
1556,300053.SZ,300053,欧比特,广东,半导体,20100211
1557,300054.SZ,300054,鼎龙股份,湖北,化工原料,20100211
1558,300055.SZ,300055,万邦达,北京,环境保护,20100226
1559,300056.SZ,300056,中创环保,福建,环境保护,20100226
1560,300057.SZ,300057,万顺新材,广东,铝,20100226
1561,300058.SZ,300058,蓝色光标,北京,广告包装,20100226
1562,300059.SZ,300059,东方财富,上海,证券,20100319
1563,300061.SZ,300061,旗天科技,上海,互联网,20100319
1564,300062.SZ,300062,中能电气,福建,电气设备,20100319
1565,300063.SZ,300063,天龙集团,广东,互联网,20100326
1566,300065.SZ,300065,海兰信,北京,船舶,20100326
1567,300066.SZ,300066,三川智慧,江西,电器仪表,20100326
1568,300067.SZ,300067,安诺其,上海,染料涂料,20100421
1569,300068.SZ,300068,南都电源,浙江,电气设备,20100421
1570,300069.SZ,300069,金利华电,山西,电气设备,20100421
1571,300070.SZ,300070,碧水源,北京,环境保护,20100421
1572,300071.SZ,300071,福石控股,北京,广告包装,20100421
1573,300072.SZ,300072,海新能科,北京,环境保护,20100427
1574,300073.SZ,300073,当升科技,北京,电气设备,20100427
1575,300074.SZ,300074,华平股份,上海,软件服务,20100427
1576,300075.SZ,300075,数字政通,北京,软件服务,20100427
1577,300076.SZ,300076,GQY视讯,浙江,IT设备,20100430
1578,300077.SZ,300077,国民技术,深圳,半导体,20100430
1579,300078.SZ,300078,思创医惠,浙江,软件服务,20100430
1580,300079.SZ,300079,数码视讯,北京,通信设备,20100430
1581,300080.SZ,300080,易成新能,河南,电气设备,20100625
1582,300081.SZ,300081,恒信东方,北京,文教休闲,20100520
1583,300082.SZ,300082,奥克股份,辽宁,化工原料,20100520
1584,300083.SZ,300083,创世纪,广东,机床制造,20100520
1585,300084.SZ,300084,海默科技,甘肃,专用机械,20100520
1586,300085.SZ,300085,银之杰,深圳,软件服务,20100526
1587,300086.SZ,300086,康芝药业,海南,化学制药,20100526
1588,300087.SZ,300087,荃银高科,安徽,种植业,20100526
1589,300088.SZ,300088,长信科技,安徽,元器件,20100526
1590,300089.SZ,300089,*ST文化,广东,文教休闲,20100625
1591,300091.SZ,300091,金通灵,江苏,机械基件,20100625
1592,300092.SZ,300092,科新机电,四川,专用机械,20100708
1593,300093.SZ,300093,金刚光伏,甘肃,玻璃,20100708
1594,300094.SZ,300094,国联水产,广东,渔业,20100708
1595,300095.SZ,300095,华伍股份,江西,电气设备,20100728
1596,300096.SZ,300096,易联众,福建,软件服务,20100728
1597,300097.SZ,300097,智云股份,辽宁,专用机械,20100728
1598,300098.SZ,300098,高新兴,广东,软件服务,20100728
1599,300099.SZ,300099,精准信息,山东,电器仪表,20100806
1600,300100.SZ,300100,双林股份,浙江,汽车服务,20100806
1601,300101.SZ,300101,振芯科技,四川,通信设备,20100806
1602,300102.SZ,300102,乾照光电,福建,半导体,20100812
1603,300103.SZ,300103,达刚控股,陕西,环境保护,20100812
1604,300105.SZ,300105,龙源技术,山东,电器仪表,20100820
1605,300106.SZ,300106,西部牧业,新疆,乳制品,20100820
1606,300107.SZ,300107,建新股份,河北,化工原料,20100820
1607,300108.SZ,300108,*ST吉药,吉林,中成药,20100825
1608,300109.SZ,300109,新开源,河南,化工原料,20100825
1609,300110.SZ,300110,华仁药业,山东,化学制药,20100825
1610,300111.SZ,300111,向日葵,浙江,化学制药,20100827
1611,300112.SZ,300112,万讯自控,深圳,电器仪表,20100827
1612,300113.SZ,300113,顺网科技,浙江,互联网,20100827
1613,300114.SZ,300114,中航电测,陕西,电器仪表,20100827
1614,300115.SZ,300115,长盈精密,深圳,元器件,20100902
1615,300116.SZ,300116,保力新,陕西,电气设备,20100902
1616,300117.SZ,300117,嘉寓股份,北京,装修装饰,20100902
1617,300118.SZ,300118,东方日升,浙江,电气设备,20100902
1618,300119.SZ,300119,瑞普生物,天津,农业综合,20100917
1619,300120.SZ,300120,经纬辉开,天津,元器件,20100917
1620,300121.SZ,300121,阳谷华泰,山东,化工原料,20100917
1621,300122.SZ,300122,智飞生物,重庆,生物制药,20100928
1622,300123.SZ,300123,亚光科技,湖南,半导体,20100928
1623,300124.SZ,300124,汇川技术,深圳,电器仪表,20100928
1624,300125.SZ,300125,聆达股份,辽宁,电气设备,20101013
1625,300126.SZ,300126,锐奇股份,上海,轻工机械,20101013
1626,300127.SZ,300127,银河磁体,四川,矿物制品,20101013
1627,300128.SZ,300128,锦富技术,江苏,元器件,20101013
1628,300129.SZ,300129,泰胜风能,上海,电气设备,20101019
1629,300130.SZ,300130,新国都,深圳,IT设备,20101019
1630,300131.SZ,300131,英唐智控,深圳,元器件,20101019
1631,300132.SZ,300132,青松股份,福建,化工原料,20101026
1632,300133.SZ,300133,华策影视,浙江,影视音像,20101026
1633,300134.SZ,300134,大富科技,安徽,通信设备,20101026
1634,300135.SZ,300135,宝利国际,江苏,化工原料,20101026
1635,300136.SZ,300136,信维通信,深圳,通信设备,20101105
1636,300137.SZ,300137,先河环保,河北,环境保护,20101105
1637,300138.SZ,300138,晨光生物,河北,食品,20101105
1638,300139.SZ,300139,晓程科技,北京,元器件,20101112
1639,300140.SZ,300140,中环装备,陕西,环境保护,20101112
1640,300141.SZ,300141,和顺电气,江苏,电气设备,20101112
1641,300142.SZ,300142,沃森生物,云南,生物制药,20101112
1642,300143.SZ,300143,盈康生命,山东,医疗保健,20101209
1643,300144.SZ,300144,宋城演艺,浙江,旅游景点,20101209
1644,300145.SZ,300145,中金环境,浙江,机械基件,20101209
1645,300146.SZ,300146,汤臣倍健,广东,食品,20101215
1646,300147.SZ,300147,香雪制药,广东,中成药,20101215
1647,300148.SZ,300148,天舟文化,湖南,互联网,20101215
1648,300149.SZ,300149,睿智医药,广东,生物制药,20101222
1649,300150.SZ,300150,世纪瑞尔,北京,软件服务,20101222
1650,300151.SZ,300151,昌红科技,深圳,专用机械,20101222
1651,300152.SZ,300152,新动力,河北,环境保护,20101229
1652,300153.SZ,300153,科泰电源,上海,电气设备,20101229
1653,300154.SZ,300154,瑞凌股份,深圳,机械基件,20101229
1654,300155.SZ,300155,安居宝,广东,IT设备,20110107
1655,300157.SZ,300157,恒泰艾普,北京,石油开采,20110107
1656,300158.SZ,300158,振东制药,山西,化学制药,20110107
1657,300159.SZ,300159,ST新研,新疆,航空,20110107
1658,300160.SZ,300160,秀强股份,江苏,家用电器,20110113
1659,300161.SZ,300161,华中数控,湖北,机床制造,20110113
1660,300162.SZ,300162,雷曼光电,深圳,元器件,20110113
1661,300163.SZ,300163,先锋新材,浙江,其他建材,20110113
1662,300164.SZ,300164,通源石油,陕西,石油开采,20110113
1663,300165.SZ,300165,天瑞仪器,江苏,电器仪表,20110125
1664,300166.SZ,300166,东方国信,北京,软件服务,20110125
1665,300167.SZ,300167,迪威迅,深圳,软件服务,20110125
1666,300168.SZ,300168,万达信息,上海,软件服务,20110125
1667,300169.SZ,300169,天晟新材,江苏,塑料,20110125
1668,300170.SZ,300170,汉得信息,上海,软件服务,20110201
1669,300171.SZ,300171,东富龙,上海,医疗保健,20110201
1670,300172.SZ,300172,中电环保,江苏,环境保护,20110201
1671,300173.SZ,300173,福能东方,广东,轻工机械,20110201
1672,300174.SZ,300174,元力股份,福建,化工原料,20110201
1673,300175.SZ,300175,朗源股份,山东,食品,20110215
1674,300176.SZ,300176,派生科技,广东,汽车配件,20110215
1675,300177.SZ,300177,中海达,广东,通信设备,20110215
1676,300179.SZ,300179,四方达,河南,矿物制品,20110215
1677,300180.SZ,300180,华峰超纤,上海,化纤,20110222
1678,300181.SZ,300181,佐力药业,浙江,中成药,20110222
1679,300182.SZ,300182,捷成股份,北京,影视音像,20110222
1680,300183.SZ,300183,东软载波,山东,通信设备,20110222
1681,300184.SZ,300184,力源信息,湖北,元器件,20110222
1682,300185.SZ,300185,通裕重工,山东,工程机械,20110308
1683,300187.SZ,300187,永清环保,湖南,环境保护,20110308
1684,300188.SZ,300188,美亚柏科,福建,软件服务,20110316
1685,300189.SZ,300189,神农科技,海南,种植业,20110316
1686,300190.SZ,300190,维尔利,江苏,环境保护,20110316
1687,300191.SZ,300191,潜能恒信,北京,石油开采,20110316
1688,300192.SZ,300192,科德教育,江苏,文教休闲,20110322
1689,300193.SZ,300193,佳士科技,深圳,专用机械,20110322
1690,300194.SZ,300194,福安药业,重庆,化学制药,20110322
1691,300195.SZ,300195,长荣股份,天津,轻工机械,20110329
1692,300196.SZ,300196,长海股份,江苏,玻璃,20110329
1693,300197.SZ,300197,节能铁汉,深圳,环境保护,20110329
1694,300198.SZ,300198,纳川股份,福建,塑料,20110407
1695,300199.SZ,300199,翰宇药业,深圳,化学制药,20110407
1696,300200.SZ,300200,高盟新材,北京,化工原料,20110407
1697,300201.SZ,300201,*ST海伦,江苏,专用机械,20110407
1698,300203.SZ,300203,聚光科技,浙江,环境保护,20110415
1699,300204.SZ,300204,舒泰神,北京,生物制药,20110415
1700,300205.SZ,300205,天喻信息,湖北,通信设备,20110421
1701,300206.SZ,300206,理邦仪器,深圳,医疗保健,20110421
1702,300207.SZ,300207,欣旺达,深圳,电气设备,20110421
1703,300208.SZ,300208,青岛中程,山东,电气设备,20110426
1704,300209.SZ,300209,有棵树,湖南,互联网,20110426
1705,300210.SZ,300210,森远股份,辽宁,专用机械,20110426
1706,300211.SZ,300211,亿通科技,江苏,通信设备,20110505
1707,300212.SZ,300212,易华录,北京,软件服务,20110505
1708,300213.SZ,300213,佳讯飞鸿,北京,通信设备,20110505
1709,300214.SZ,300214,日科化学,山东,化工原料,20110511
1710,300215.SZ,300215,电科院,江苏,电气设备,20110511
1711,300217.SZ,300217,东方电热,江苏,家用电器,20110518
1712,300218.SZ,300218,安利股份,安徽,塑料,20110518
1713,300219.SZ,300219,鸿利智汇,广东,元器件,20110518
1714,300220.SZ,300220,金运激光,湖北,专用机械,20110525
1715,300221.SZ,300221,银禧科技,广东,塑料,20110525
1716,300222.SZ,300222,科大智能,上海,电气设备,20110525
1717,300223.SZ,300223,北京君正,北京,半导体,20110531
1718,300224.SZ,300224,正海磁材,山东,矿物制品,20110531
1719,300225.SZ,300225,金力泰,上海,染料涂料,20110531
1720,300226.SZ,300226,上海钢联,上海,互联网,20110608
1721,300227.SZ,300227,光韵达,深圳,专用机械,20110608
1722,300228.SZ,300228,富瑞特装,江苏,化工机械,20110608
1723,300229.SZ,300229,拓尔思,北京,软件服务,20110615
1724,300230.SZ,300230,永利股份,上海,塑料,20110615
1725,300231.SZ,300231,银信科技,北京,软件服务,20110615
1726,300232.SZ,300232,洲明科技,深圳,半导体,20110622
1727,300233.SZ,300233,金城医药,山东,化学制药,20110622
1728,300234.SZ,300234,开尔新材,浙江,陶瓷,20110622
1729,300235.SZ,300235,方直科技,深圳,软件服务,20110629
1730,300236.SZ,300236,上海新阳,上海,半导体,20110629
1731,300237.SZ,300237,美晨生态,山东,汽车配件,20110629
1732,300238.SZ,300238,冠昊生物,广东,医疗保健,20110706
1733,300239.SZ,300239,东宝生物,内蒙,生物制药,20110706
1734,300240.SZ,300240,飞力达,江苏,仓储物流,20110706
1735,300241.SZ,300241,瑞丰光电,深圳,半导体,20110712
1736,300242.SZ,300242,佳云科技,广东,互联网,20110712
1737,300243.SZ,300243,瑞丰高材,山东,化工原料,20110712
1738,300244.SZ,300244,迪安诊断,浙江,医疗保健,20110719
1739,300245.SZ,300245,天玑科技,上海,软件服务,20110719
1740,300246.SZ,300246,宝莱特,广东,医疗保健,20110719
1741,300247.SZ,300247,融捷健康,安徽,医疗保健,20110729
1742,300248.SZ,300248,新开普,河南,软件服务,20110729
1743,300249.SZ,300249,依米康,四川,软件服务,20110803
1744,300250.SZ,300250,初灵信息,浙江,软件服务,20110803
1745,300251.SZ,300251,光线传媒,北京,影视音像,20110803
1746,300252.SZ,300252,金信诺,深圳,通信设备,20110818
1747,300253.SZ,300253,卫宁健康,上海,软件服务,20110818
1748,300254.SZ,300254,仟源医药,山西,化学制药,20110819
1749,300255.SZ,300255,常山药业,河北,生物制药,20110819
1750,300256.SZ,300256,ST星星,江西,元器件,20110819
1751,300257.SZ,300257,开山股份,上海,机械基件,20110819
1752,300258.SZ,300258,精锻科技,江苏,汽车配件,20110826
1753,300259.SZ,300259,新天科技,河南,电器仪表,20110831
1754,300260.SZ,300260,新莱应材,江苏,机械基件,20110906
1755,300261.SZ,300261,雅本化学,江苏,农药化肥,20110906
1756,300262.SZ,300262,巴安水务,上海,水务,20110916
1757,300263.SZ,300263,隆华科技,河南,专用机械,20110916
1758,300264.SZ,300264,佳创视讯,深圳,软件服务,20110916
1759,300265.SZ,300265,通光线缆,江苏,电气设备,20110916
1760,300266.SZ,300266,兴源环境,浙江,环境保护,20110927
1761,300267.SZ,300267,尔康制药,湖南,化学制药,20110927
1762,300268.SZ,300268,佳沃食品,湖南,农业综合,20110927
1763,300269.SZ,300269,联建光电,深圳,半导体,20111012
1764,300270.SZ,300270,中威电子,浙江,通信设备,20111012
1765,300271.SZ,300271,华宇软件,北京,软件服务,20111026
1766,300272.SZ,300272,开能健康,上海,家用电器,20111102
1767,300273.SZ,300273,*ST和佳,广东,医疗保健,20111026
1768,300274.SZ,300274,阳光电源,安徽,电气设备,20111102
1769,300275.SZ,300275,梅安森,重庆,工程机械,20111102
1770,300276.SZ,300276,三丰智能,湖北,专用机械,20111115
1771,300277.SZ,300277,海联讯,深圳,软件服务,20111123
1772,300278.SZ,300278,华昌达,湖北,专用机械,20111216
1773,300279.SZ,300279,和晶科技,江苏,元器件,20111229
1774,300280.SZ,300280,紫天科技,福建,广告包装,20111229
1775,300281.SZ,300281,金明精机,广东,专用机械,20111229
1776,300282.SZ,300282,ST三盛,北京,文教休闲,20111229
1777,300283.SZ,300283,温州宏丰,浙江,电气设备,20120110
1778,300284.SZ,300284,苏交科,江苏,建筑工程,20120110
1779,300285.SZ,300285,国瓷材料,山东,陶瓷,20120113
1780,300286.SZ,300286,安科瑞,上海,电器仪表,20120113
1781,300287.SZ,300287,飞利信,北京,软件服务,20120201
1782,300288.SZ,300288,朗玛信息,贵州,软件服务,20120216
1783,300289.SZ,300289,利德曼,北京,医疗保健,20120216
1784,300290.SZ,300290,荣科科技,辽宁,软件服务,20120216
1785,300291.SZ,300291,百纳千成,北京,影视音像,20120209
1786,300292.SZ,300292,吴通控股,江苏,软件服务,20120229
1787,300293.SZ,300293,蓝英装备,辽宁,专用机械,20120308
1788,300294.SZ,300294,博雅生物,江西,生物制药,20120308
1789,300295.SZ,300295,三六五网,江苏,互联网,20120315
1790,300296.SZ,300296,利亚德,北京,半导体,20120315
1791,300297.SZ,300297,*ST蓝盾,四川,软件服务,20120315
1792,300298.SZ,300298,三诺生物,湖南,医疗保健,20120319
1793,300299.SZ,300299,富春股份,福建,互联网,20120319
1794,300300.SZ,300300,海峡创新,福建,软件服务,20120319
1795,300301.SZ,300301,*ST长方,深圳,半导体,20120321
1796,300302.SZ,300302,同有科技,北京,软件服务,20120321
1797,300303.SZ,300303,聚飞光电,深圳,半导体,20120319
1798,300304.SZ,300304,云意电气,江苏,汽车配件,20120321
1799,300305.SZ,300305,裕兴股份,江苏,塑料,20120329
1800,300306.SZ,300306,远方信息,浙江,电器仪表,20120329
1801,300307.SZ,300307,慈星股份,浙江,纺织机械,20120329
1802,300308.SZ,300308,中际旭创,山东,通信设备,20120410
1803,300309.SZ,300309,*ST吉艾,北京,多元金融,20120410
1804,300310.SZ,300310,宜通世纪,广东,通信设备,20120425
1805,300311.SZ,300311,任子行,深圳,软件服务,20120425
1806,300313.SZ,300313,ST天山,新疆,农业综合,20120425
1807,300314.SZ,300314,戴维医疗,浙江,医疗保健,20120508
1808,300315.SZ,300315,掌趣科技,北京,互联网,20120511
1809,300316.SZ,300316,晶盛机电,浙江,专用机械,20120511
1810,300317.SZ,300317,珈伟新能,深圳,半导体,20120511
1811,300318.SZ,300318,博晖创新,北京,医疗保健,20120523
1812,300319.SZ,300319,麦捷科技,深圳,元器件,20120523
1813,300320.SZ,300320,海达股份,江苏,橡胶,20120601
1814,300321.SZ,300321,同大股份,山东,塑料,20120523
1815,300322.SZ,300322,硕贝德,广东,通信设备,20120608
1816,300323.SZ,300323,华灿光电,湖北,半导体,20120601
1817,300324.SZ,300324,旋极信息,北京,软件服务,20120608
1818,300326.SZ,300326,凯利泰,上海,医疗保健,20120613
1819,300327.SZ,300327,中颖电子,上海,半导体,20120613
1820,300328.SZ,300328,宜安科技,广东,小金属,20120619
1821,300329.SZ,300329,海伦钢琴,浙江,文教休闲,20120619
1822,300330.SZ,300330,*ST计通,上海,软件服务,20120619
1823,300331.SZ,300331,苏大维格,江苏,元器件,20120628
1824,300332.SZ,300332,天壕环境,北京,供气供热,20120628
1825,300333.SZ,300333,兆日科技,深圳,软件服务,20120628
1826,300334.SZ,300334,津膜科技,天津,水务,20120705
1827,300335.SZ,300335,迪森股份,广东,供气供热,20120710
1828,300336.SZ,300336,*ST新文,上海,影视音像,20120710
1829,300337.SZ,300337,银邦股份,江苏,铝,20120718
1830,300338.SZ,300338,ST开元,湖南,文教休闲,20120726
1831,300339.SZ,300339,润和软件,江苏,软件服务,20120718
1832,300340.SZ,300340,科恒股份,广东,电气设备,20120726
1833,300341.SZ,300341,麦克奥迪,福建,电气设备,20120726
1834,300342.SZ,300342,天银机电,江苏,家用电器,20120726
1835,300343.SZ,300343,联创股份,山东,化工原料,20120801
1836,300344.SZ,300344,立方数科,安徽,软件服务,20120801
1837,300345.SZ,300345,华民股份,湖南,机械基件,20120801
1838,300346.SZ,300346,南大光电,江苏,元器件,20120807
1839,300347.SZ,300347,泰格医药,浙江,医疗保健,20120817
1840,300348.SZ,300348,长亮科技,深圳,软件服务,20120817
1841,300349.SZ,300349,金卡智能,浙江,电器仪表,20120817
1842,300350.SZ,300350,华鹏飞,深圳,仓储物流,20120821
1843,300351.SZ,300351,永贵电器,浙江,运输设备,20120920
1844,300352.SZ,300352,北信源,北京,软件服务,20120912
1845,300353.SZ,300353,东土科技,北京,通信设备,20120927
1846,300354.SZ,300354,东华测试,江苏,电器仪表,20120920
1847,300355.SZ,300355,蒙草生态,内蒙,环境保护,20120927
1848,300356.SZ,300356,*ST光一,江苏,电气设备,20121009
1849,300357.SZ,300357,我武生物,浙江,生物制药,20140121
1850,300358.SZ,300358,楚天科技,湖南,医疗保健,20140121
1851,300359.SZ,300359,全通教育,广东,文教休闲,20140121
1852,300360.SZ,300360,炬华科技,浙江,电器仪表,20140121
1853,300363.SZ,300363,博腾股份,重庆,化学制药,20140129
1854,300364.SZ,300364,中文在线,北京,出版业,20150121
1855,300365.SZ,300365,恒华科技,北京,软件服务,20140123
1856,300366.SZ,300366,创意信息,四川,软件服务,20140127
1857,300368.SZ,300368,汇金股份,河北,IT设备,20140123
1858,300369.SZ,300369,绿盟科技,北京,软件服务,20140129
1859,300370.SZ,300370,*ST安控,四川,电器仪表,20140123
1860,300371.SZ,300371,汇中股份,河北,电器仪表,20140123
1861,300373.SZ,300373,扬杰科技,江苏,半导体,20140123
1862,300374.SZ,300374,中铁装配,北京,其他建材,20150319
1863,300375.SZ,300375,鹏翎股份,天津,汽车配件,20140127
1864,300376.SZ,300376,易事特,广东,电气设备,20140127
1865,300377.SZ,300377,赢时胜,深圳,软件服务,20140127
1866,300378.SZ,300378,鼎捷软件,上海,软件服务,20140127
1867,300379.SZ,300379,东方通,北京,软件服务,20140128
1868,300380.SZ,300380,安硕信息,上海,软件服务,20140128
1869,300381.SZ,300381,溢多利,广东,化学制药,20140128
1870,300382.SZ,300382,斯莱克,江苏,专用机械,20140129
1871,300383.SZ,300383,光环新网,北京,电信运营,20140129
1872,300384.SZ,300384,三联虹普,北京,建筑工程,20140801
1873,300385.SZ,300385,雪浪环境,江苏,环境保护,20140626
1874,300386.SZ,300386,飞天诚信,北京,软件服务,20140626
1875,300387.SZ,300387,富邦股份,湖北,农药化肥,20140702
1876,300388.SZ,300388,节能国祯,安徽,环境保护,20140801
1877,300389.SZ,300389,艾比森,深圳,半导体,20140801
1878,300390.SZ,300390,天华超净,江苏,电气设备,20140731
1879,300391.SZ,300391,康跃科技,山东,中成药,20140801
1880,300392.SZ,300392,*ST腾信,北京,互联网,20140910
1881,300393.SZ,300393,中来股份,江苏,塑料,20140912
1882,300394.SZ,300394,天孚通信,江苏,通信设备,20150217
1883,300395.SZ,300395,菲利华,湖北,玻璃,20140910
1884,300396.SZ,300396,迪瑞医疗,吉林,医疗保健,20140910
1885,300397.SZ,300397,天和防务,陕西,通信设备,20140910
1886,300398.SZ,300398,飞凯材料,上海,化工原料,20141009
1887,300399.SZ,300399,天利科技,江西,互联网,20141009
1888,300400.SZ,300400,劲拓股份,深圳,专用机械,20141010
1889,300401.SZ,300401,花园生物,浙江,化学制药,20141009
1890,300402.SZ,300402,宝色股份,江苏,专用机械,20141010
1891,300403.SZ,300403,汉宇集团,广东,家用电器,20141030
1892,300404.SZ,300404,博济医药,广东,医疗保健,20150424
1893,300405.SZ,300405,科隆股份,辽宁,化工原料,20141030
1894,300406.SZ,300406,九强生物,北京,医疗保健,20141030
1895,300407.SZ,300407,凯发电气,天津,电气设备,20141203
1896,300408.SZ,300408,三环集团,广东,元器件,20141203
1897,300409.SZ,300409,道氏技术,广东,电气设备,20141203
1898,300410.SZ,300410,正业科技,广东,电器仪表,20141231
1899,300411.SZ,300411,金盾股份,浙江,专用机械,20141231
1900,300412.SZ,300412,迦南科技,浙江,医疗保健,20141231
1901,300413.SZ,300413,芒果超媒,湖南,影视音像,20150121
1902,300414.SZ,300414,中光防雷,四川,通信设备,20150513
1903,300415.SZ,300415,伊之密,广东,专用机械,20150123
1904,300416.SZ,300416,苏试试验,江苏,电器仪表,20150122
1905,300417.SZ,300417,南华仪器,广东,电器仪表,20150123
1906,300418.SZ,300418,昆仑万维,北京,互联网,20150121
1907,300419.SZ,300419,浩丰科技,北京,软件服务,20150122
1908,300420.SZ,300420,五洋停车,江苏,机械基件,20150217
1909,300421.SZ,300421,力星股份,江苏,机械基件,20150217
1910,300422.SZ,300422,博世科,广西,环境保护,20150217
1911,300423.SZ,300423,昇辉科技,山东,电气设备,20150217
1912,300424.SZ,300424,航新科技,广东,航空,20150422
1913,300425.SZ,300425,中建环能,四川,环境保护,20150216
1914,300426.SZ,300426,唐德影视,浙江,影视音像,20150217
1915,300427.SZ,300427,红相股份,福建,电气设备,20150217
1916,300428.SZ,300428,立中集团,河北,汽车配件,20150319
1917,300429.SZ,300429,强力新材,江苏,化工原料,20150324
1918,300430.SZ,300430,诚益通,北京,电器仪表,20150319
1919,300432.SZ,300432,富临精工,四川,汽车配件,20150319
1920,300433.SZ,300433,蓝思科技,湖南,元器件,20150318
1921,300434.SZ,300434,金石亚药,四川,化学制药,20150424
1922,300435.SZ,300435,中泰股份,浙江,供气供热,20150326
1923,300436.SZ,300436,广生堂,福建,化学制药,20150422
1924,300437.SZ,300437,清水源,河南,化工原料,20150423
1925,300438.SZ,300438,鹏辉能源,广东,电气设备,20150424
1926,300439.SZ,300439,美康生物,浙江,医疗保健,20150422
1927,300440.SZ,300440,运达科技,四川,软件服务,20150423
1928,300441.SZ,300441,鲍斯股份,浙江,机床制造,20150423
1929,300442.SZ,300442,润泽科技,上海,轻工机械,20150424
1930,300443.SZ,300443,金雷股份,山东,电气设备,20150422
1931,300444.SZ,300444,双杰电气,北京,电气设备,20150423
1932,300445.SZ,300445,康斯特,北京,电器仪表,20150424
1933,300446.SZ,300446,乐凯新材,河北,化工原料,20150423
1934,300447.SZ,300447,全信股份,江苏,电气设备,20150422
1935,300448.SZ,300448,浩云科技,广东,软件服务,20150424
1936,300449.SZ,300449,汉邦高科,北京,IT设备,20150422
1937,300450.SZ,300450,先导智能,江苏,专用机械,20150518
1938,300451.SZ,300451,创业慧康,浙江,软件服务,20150514
1939,300452.SZ,300452,山河药辅,安徽,化学制药,20150515
1940,300453.SZ,300453,三鑫医疗,江西,医疗保健,20150515
1941,300454.SZ,300454,深信服,深圳,软件服务,20180516
1942,300455.SZ,300455,康拓红外,北京,运输设备,20150515
1943,300456.SZ,300456,赛微电子,北京,元器件,20150514
1944,300457.SZ,300457,赢合科技,深圳,专用机械,20150514
1945,300458.SZ,300458,全志科技,广东,元器件,20150515
1946,300459.SZ,300459,汤姆猫,浙江,互联网,20150515
1947,300460.SZ,300460,惠伦晶体,广东,元器件,20150515
1948,300461.SZ,300461,田中精机,浙江,专用机械,20150519
1949,300462.SZ,300462,华铭智能,上海,IT设备,20150527
1950,300463.SZ,300463,迈克生物,四川,医疗保健,20150528
1951,300464.SZ,300464,星徽股份,广东,机械基件,20150610
1952,300465.SZ,300465,高伟达,北京,软件服务,20150528
1953,300466.SZ,300466,赛摩智能,江苏,电器仪表,20150528
1954,300467.SZ,300467,迅游科技,四川,互联网,20150527
1955,300468.SZ,300468,四方精创,深圳,软件服务,20150527
1956,300469.SZ,300469,信息发展,上海,软件服务,20150611
1957,300470.SZ,300470,中密控股,四川,机械基件,20150612
1958,300471.SZ,300471,厚普股份,四川,专用机械,20150611
1959,300472.SZ,300472,新元科技,江西,专用机械,20150611
1960,300473.SZ,300473,德尔股份,辽宁,汽车配件,20150612
1961,300474.SZ,300474,景嘉微,湖南,元器件,20160331
1962,300475.SZ,300475,香农芯创,安徽,元器件,20150610
1963,300476.SZ,300476,胜宏科技,广东,元器件,20150611
1964,300477.SZ,300477,合纵科技,北京,电气设备,20150610
1965,300478.SZ,300478,杭州高新,浙江,塑料,20150610
1966,300479.SZ,300479,神思电子,山东,软件服务,20150612
1967,300480.SZ,300480,光力科技,河南,专用机械,20150702
1968,300481.SZ,300481,濮阳惠成,河南,化工原料,20150630
1969,300482.SZ,300482,万孚生物,广东,医疗保健,20150630
1970,300483.SZ,300483,首华燃气,上海,石油开采,20150630
1971,300484.SZ,300484,蓝海华腾,深圳,电气设备,20160322
1972,300485.SZ,300485,赛升药业,北京,生物制药,20150626
1973,300486.SZ,300486,东杰智能,山西,专用机械,20150630
1974,300487.SZ,300487,蓝晓科技,陕西,化工原料,20150702
1975,300488.SZ,300488,恒锋工具,浙江,机械基件,20150701
1976,300489.SZ,300489,光智科技,黑龙江,元器件,20150701
1977,300490.SZ,300490,华自科技,湖南,电气设备,20151231
1978,300491.SZ,300491,通合科技,河北,电气设备,20151231
1979,300492.SZ,300492,华图山鼎,四川,建筑工程,20151223
1980,300493.SZ,300493,润欣科技,上海,元器件,20151210
1981,300494.SZ,300494,盛天网络,湖北,互联网,20151231
1982,300495.SZ,300495,*ST美尚,深圳,环境保护,20151222
1983,300496.SZ,300496,中科创达,北京,软件服务,20151210
1984,300497.SZ,300497,富祥药业,江西,化学制药,20151222
1985,300498.SZ,300498,温氏股份,广东,农业综合,20151102
1986,300499.SZ,300499,高澜股份,广东,专用机械,20160202
1987,300500.SZ,300500,启迪设计,江苏,建筑工程,20160204
1988,300501.SZ,300501,海顺新材,上海,广告包装,20160204
1989,300502.SZ,300502,新易盛,四川,通信设备,20160303
1990,300503.SZ,300503,昊志机电,广东,机床制造,20160309
1991,300504.SZ,300504,天邑股份,四川,通信设备,20180330
1992,300505.SZ,300505,川金诺,云南,农药化肥,20160315
1993,300506.SZ,300506,名家汇,深圳,建筑工程,20160324
1994,300507.SZ,300507,苏奥传感,江苏,汽车配件,20160429
1995,300508.SZ,300508,维宏股份,上海,软件服务,20160419
1996,300509.SZ,300509,新美星,江苏,专用机械,20160425
1997,300510.SZ,300510,金冠股份,吉林,电气设备,20160506
1998,300511.SZ,300511,雪榕生物,上海,种植业,20160504
1999,300512.SZ,300512,中亚股份,浙江,专用机械,20160526
2000,300513.SZ,300513,恒实科技,北京,软件服务,20160530
2001,300514.SZ,300514,友讯达,深圳,电器仪表,20170426
2002,300515.SZ,300515,三德科技,湖南,电器仪表,20160608
2003,300516.SZ,300516,久之洋,湖北,电器仪表,20160602
2004,300517.SZ,300517,海波重科,湖北,建筑工程,20160719
2005,300518.SZ,300518,盛讯达,深圳,互联网,20160624
2006,300519.SZ,300519,新光药业,浙江,中成药,20160624
2007,300520.SZ,300520,科大国创,安徽,软件服务,20160708
2008,300521.SZ,300521,爱司凯,广东,专用机械,20160705
2009,300522.SZ,300522,世名科技,江苏,染料涂料,20160705
2010,300523.SZ,300523,辰安科技,北京,软件服务,20160726
2011,300525.SZ,300525,博思软件,福建,软件服务,20160726
2012,300526.SZ,300526,*ST中潜,广东,专用机械,20160802
2013,300527.SZ,300527,中船应急,湖北,专用机械,20160805
2014,300528.SZ,300528,幸福蓝海,江苏,影视音像,20160808
2015,300529.SZ,300529,健帆生物,广东,医疗保健,20160802
2016,300530.SZ,300530,达志科技,湖南,化工原料,20160809
2017,300531.SZ,300531,优博讯,深圳,软件服务,20160809
2018,300532.SZ,300532,今天国际,深圳,软件服务,20160818
2019,300533.SZ,300533,冰川网络,深圳,互联网,20160818
2020,300534.SZ,300534,陇神戎发,甘肃,中成药,20160913
2021,300535.SZ,300535,达威股份,四川,化工原料,20160812
2022,300536.SZ,300536,农尚环境,湖北,建筑工程,20160920
2023,300537.SZ,300537,广信材料,江苏,染料涂料,20160830
2024,300538.SZ,300538,同益股份,深圳,塑料,20160826
2025,300539.SZ,300539,横河精密,浙江,塑料,20160830
2026,300540.SZ,300540,蜀道装备,四川,专用机械,20160823
2027,300541.SZ,300541,先进数通,北京,软件服务,20160913
2028,300542.SZ,300542,新晨科技,北京,软件服务,20160920
2029,300543.SZ,300543,朗科智能,深圳,元器件,20160908
2030,300545.SZ,300545,联得装备,深圳,专用机械,20160928
2031,300546.SZ,300546,雄帝科技,深圳,IT设备,20160928
2032,300547.SZ,300547,川环科技,四川,汽车配件,20160930
2033,300548.SZ,300548,博创科技,浙江,元器件,20161012
2034,300549.SZ,300549,优德精密,江苏,专用机械,20160930
2035,300550.SZ,300550,和仁科技,浙江,软件服务,20161018
2036,300551.SZ,300551,古鳌科技,上海,IT设备,20161018
2037,300552.SZ,300552,万集科技,北京,软件服务,20161021
2038,300553.SZ,300553,集智股份,浙江,电器仪表,20161021
2039,300554.SZ,300554,三超新材,江苏,矿物制品,20170421
2040,300555.SZ,300555,ST路通,江苏,通信设备,20161018
2041,300556.SZ,300556,丝路视觉,深圳,软件服务,20161104
2042,300557.SZ,300557,理工光科,湖北,电器仪表,20161101
2043,300558.SZ,300558,贝达药业,浙江,化学制药,20161107
2044,300559.SZ,300559,佳发教育,四川,软件服务,20161101
2045,300560.SZ,300560,中富通,福建,通信设备,20161101
2046,300561.SZ,300561,汇金科技,广东,软件服务,20161117
2047,300562.SZ,300562,乐心医疗,广东,医疗保健,20161116
2048,300563.SZ,300563,神宇股份,江苏,通信设备,20161114
2050,300565.SZ,300565,科信技术,深圳,通信设备,20161122
2051,300566.SZ,300566,激智科技,浙江,元器件,20161115
2052,300567.SZ,300567,精测电子,湖北,电器仪表,20161122
2053,300568.SZ,300568,星源材质,深圳,化工原料,20161201
2054,300569.SZ,300569,天能重工,山东,电气设备,20161125
2055,300570.SZ,300570,太辰光,深圳,元器件,20161206
2056,300571.SZ,300571,平治信息,浙江,互联网,20161213
2057,300572.SZ,300572,安车检测,深圳,电器仪表,20161206
2058,300573.SZ,300573,兴齐眼药,辽宁,化学制药,20161208
2059,300575.SZ,300575,中旗股份,江苏,农药化肥,20161220
2060,300576.SZ,300576,容大感光,深圳,染料涂料,20161220
2061,300577.SZ,300577,开润股份,安徽,纺织,20161221
2062,300578.SZ,300578,会畅通讯,上海,通信设备,20170125
2063,300579.SZ,300579,数字认证,北京,软件服务,20161223
2064,300580.SZ,300580,贝斯特,江苏,汽车配件,20170111
2065,300581.SZ,300581,晨曦航空,陕西,航空,20161220
2066,300582.SZ,300582,英飞特,浙江,半导体,20161228
2067,300583.SZ,300583,赛托生物,山东,化学制药,20170106
2068,300584.SZ,300584,海辰药业,江苏,化学制药,20170112
2069,300585.SZ,300585,奥联电子,江苏,汽车配件,20161229
2070,300586.SZ,300586,美联新材,广东,化工原料,20170104
2071,300587.SZ,300587,天铁股份,浙江,橡胶,20170105
2072,300588.SZ,300588,熙菱信息,新疆,软件服务,20170105
2073,300589.SZ,300589,江龙船艇,广东,船舶,20170113
2074,300590.SZ,300590,移为通信,上海,通信设备,20170111
2075,300591.SZ,300591,万里马,广东,服饰,20170110
2076,300592.SZ,300592,华凯易佰,湖南,互联网,20170120
2077,300593.SZ,300593,新雷能,北京,电气设备,20170113
2079,300595.SZ,300595,欧普康视,安徽,医疗保健,20170117
2080,300596.SZ,300596,利安隆,天津,化工原料,20170119
2081,300597.SZ,300597,吉大通信,吉林,通信设备,20170123
2082,300598.SZ,300598,诚迈科技,江苏,软件服务,20170120
2083,300599.SZ,300599,雄塑科技,广东,塑料,20170123
2084,300600.SZ,300600,国瑞科技,江苏,船舶,20170125
2085,300601.SZ,300601,康泰生物,深圳,生物制药,20170207
2086,300602.SZ,300602,飞荣达,深圳,元器件,20170126
2087,300603.SZ,300603,立昂技术,新疆,通信设备,20170126
2088,300604.SZ,300604,长川科技,浙江,专用机械,20170417
2089,300605.SZ,300605,恒锋信息,福建,软件服务,20170208
2090,300606.SZ,300606,金太阳,广东,机械基件,20170208
2091,300607.SZ,300607,拓斯达,广东,专用机械,20170209
2092,300608.SZ,300608,思特奇,北京,软件服务,20170213
2093,300609.SZ,300609,汇纳科技,上海,互联网,20170215
2094,300610.SZ,300610,晨化股份,江苏,化工原料,20170213
2095,300611.SZ,300611,美力科技,浙江,汽车配件,20170220
2096,300612.SZ,300612,宣亚国际,北京,广告包装,20170215
2097,300613.SZ,300613,富瀚微,上海,半导体,20170220
2099,300615.SZ,300615,欣天科技,深圳,元器件,20170215
2100,300616.SZ,300616,尚品宅配,广东,家居用品,20170307
2101,300617.SZ,300617,安靠智电,江苏,电气设备,20170228
2102,300618.SZ,300618,寒锐钴业,江苏,小金属,20170306
2103,300619.SZ,300619,金银河,广东,专用机械,20170301
2104,300620.SZ,300620,光库科技,广东,元器件,20170310
2105,300621.SZ,300621,维业股份,深圳,装修装饰,20170316
2106,300622.SZ,300622,博士眼镜,深圳,其他商业,20170315
2107,300623.SZ,300623,捷捷微电,江苏,半导体,20170314
2108,300624.SZ,300624,万兴科技,西藏,软件服务,20180118
2109,300625.SZ,300625,三雄极光,广东,家用电器,20170317
2110,300626.SZ,300626,华瑞股份,浙江,电气设备,20170320
2111,300627.SZ,300627,华测导航,上海,通信设备,20170321
2112,300628.SZ,300628,亿联网络,福建,通信设备,20170317
2113,300629.SZ,300629,新劲刚,广东,元器件,20170324
2114,300630.SZ,300630,普利制药,海南,化学制药,20170328
2115,300631.SZ,300631,久吾高科,江苏,水务,20170323
2116,300632.SZ,300632,光莆股份,福建,半导体,20170406
2117,300633.SZ,300633,开立医疗,深圳,医疗保健,20170406
2118,300634.SZ,300634,彩讯股份,深圳,软件服务,20180323
2119,300635.SZ,300635,中达安,广东,建筑工程,20170331
2120,300636.SZ,300636,同和药业,江西,化学制药,20170331
2121,300637.SZ,300637,扬帆新材,浙江,化工原料,20170412
2122,300638.SZ,300638,广和通,深圳,通信设备,20170413
2123,300639.SZ,300639,凯普生物,广东,医疗保健,20170412
2124,300640.SZ,300640,德艺文创,福建,家居用品,20170417
2125,300641.SZ,300641,正丹股份,江苏,化工原料,20170418
2126,300642.SZ,300642,透景生命,上海,医疗保健,20170421
2127,300643.SZ,300643,万通智控,浙江,汽车配件,20170505
2128,300644.SZ,300644,南京聚隆,江苏,塑料,20180206
2129,300645.SZ,300645,正元智慧,浙江,软件服务,20170421
2130,300647.SZ,300647,超频三,深圳,元器件,20170503
2131,300648.SZ,300648,星云股份,福建,电气设备,20170425
2132,300649.SZ,300649,杭州园林,浙江,建筑工程,20170505
2133,300650.SZ,300650,太龙股份,福建,电气设备,20170503
2134,300651.SZ,300651,金陵体育,江苏,文教休闲,20170509
2135,300652.SZ,300652,雷迪克,浙江,汽车配件,20170516
2136,300653.SZ,300653,正海生物,山东,医疗保健,20170516
2137,300654.SZ,300654,世纪天鸿,山东,出版业,20170926
2138,300655.SZ,300655,晶瑞电材,江苏,化工原料,20170523
2139,300656.SZ,300656,民德电子,深圳,IT设备,20170519
2140,300657.SZ,300657,弘信电子,福建,元器件,20170523
2141,300658.SZ,300658,延江股份,福建,纺织,20170602
2142,300659.SZ,300659,中孚信息,山东,软件服务,20170526
2143,300660.SZ,300660,江苏雷利,江苏,电气设备,20170602
2144,300661.SZ,300661,圣邦股份,北京,半导体,20170606
2145,300662.SZ,300662,科锐国际,北京,文教休闲,20170608
2146,300663.SZ,300663,科蓝软件,北京,软件服务,20170608
2147,300664.SZ,300664,鹏鹞环保,江苏,环境保护,20180105
2148,300665.SZ,300665,飞鹿股份,湖南,染料涂料,20170613
2149,300666.SZ,300666,江丰电子,浙江,半导体,20170615
2150,300667.SZ,300667,必创科技,北京,电器仪表,20170619
2151,300668.SZ,300668,杰恩设计,深圳,装修装饰,20170619
2152,300669.SZ,300669,沪宁股份,浙江,机械基件,20170629
2153,300670.SZ,300670,大烨智能,江苏,电气设备,20170703
2154,300671.SZ,300671,富满微,深圳,半导体,20170705
2155,300672.SZ,300672,国科微,湖南,半导体,20170712
2156,300673.SZ,300673,佩蒂股份,浙江,饲料,20170711
2157,300674.SZ,300674,宇信科技,北京,软件服务,20181107
2158,300675.SZ,300675,建科院,深圳,建筑工程,20170719
2159,300676.SZ,300676,华大基因,深圳,医疗保健,20170714
2160,300677.SZ,300677,英科医疗,山东,医疗保健,20170721
2161,300678.SZ,300678,中科信息,四川,软件服务,20170728
2162,300679.SZ,300679,电连技术,深圳,元器件,20170731
2163,300680.SZ,300680,隆盛科技,江苏,汽车配件,20170725
2164,300681.SZ,300681,英搏尔,广东,汽车配件,20170725
2165,300682.SZ,300682,朗新科技,江苏,软件服务,20170801
2166,300683.SZ,300683,海特生物,湖北,生物制药,20170808
2167,300684.SZ,300684,中石科技,北京,化工原料,20171227
2168,300685.SZ,300685,艾德生物,福建,医疗保健,20170802
2169,300686.SZ,300686,智动力,深圳,元器件,20170804
2170,300687.SZ,300687,赛意信息,广东,软件服务,20170803
2171,300688.SZ,300688,创业黑马,北京,文教休闲,20170810
2172,300689.SZ,300689,澄天伟业,深圳,元器件,20170809
2173,300690.SZ,300690,双一科技,山东,电气设备,20170808
2174,300691.SZ,300691,联合光电,广东,元器件,20170811
2175,300692.SZ,300692,中环环保,安徽,环境保护,20170821
2176,300693.SZ,300693,盛弘股份,深圳,电气设备,20170822
2177,300694.SZ,300694,蠡湖股份,江苏,汽车配件,20181015
2178,300695.SZ,300695,兆丰股份,浙江,汽车配件,20170908
2179,300696.SZ,300696,爱乐达,四川,航空,20170822
2180,300697.SZ,300697,电工合金,江苏,铜,20170907
2181,300698.SZ,300698,万马科技,浙江,通信设备,20170831
2182,300699.SZ,300699,光威复材,山东,化纤,20170901
2183,300700.SZ,300700,岱勒新材,湖南,矿物制品,20170912
2184,300701.SZ,300701,森霸传感,河南,元器件,20170915
2185,300702.SZ,300702,天宇股份,浙江,化学制药,20170919
2186,300703.SZ,300703,创源股份,浙江,文教休闲,20170919
2187,300705.SZ,300705,九典制药,湖南,化学制药,20171010
2188,300706.SZ,300706,阿石创,福建,元器件,20170926
2189,300707.SZ,300707,威唐工业,江苏,专用机械,20171010
2190,300708.SZ,300708,聚灿光电,江苏,半导体,20171016
2191,300709.SZ,300709,精研科技,江苏,元器件,20171019
2192,300710.SZ,300710,万隆光电,浙江,通信设备,20171019
2193,300711.SZ,300711,广哈通信,广东,通信设备,20171101
2194,300712.SZ,300712,永福股份,福建,建筑工程,20171031
2195,300713.SZ,300713,英可瑞,深圳,电气设备,20171101
2196,300715.SZ,300715,凯伦股份,江苏,其他建材,20171026
2197,300716.SZ,300716,国立科技,广东,塑料,20171109
2198,300717.SZ,300717,华信新材,江苏,塑料,20171106
2199,300718.SZ,300718,长盛轴承,浙江,机械基件,20171106
2200,300719.SZ,300719,安达维尔,北京,航空,20171109
2201,300720.SZ,300720,海川智能,广东,电器仪表,20171106
2202,300721.SZ,300721,怡达股份,江苏,化工原料,20171115
2203,300722.SZ,300722,新余国科,江西,航空,20171110
2204,300723.SZ,300723,一品红,广东,化学制药,20171116
2205,300724.SZ,300724,捷佳伟创,深圳,专用机械,20180810
2206,300725.SZ,300725,药石科技,江苏,化学制药,20171110
2207,300726.SZ,300726,宏达电子,湖南,元器件,20171121
2208,300727.SZ,300727,润禾材料,浙江,化工原料,20171127
2209,300729.SZ,300729,乐歌股份,浙江,家居用品,20171201
2210,300730.SZ,300730,科创信息,湖南,软件服务,20171205
2211,300731.SZ,300731,科创新源,深圳,橡胶,20171208
2212,300732.SZ,300732,设研院,河南,建筑工程,20171212
2213,300733.SZ,300733,西菱动力,四川,汽车配件,20180116
2214,300735.SZ,300735,光弘科技,广东,通信设备,20171229
2215,300736.SZ,300736,百邦科技,北京,通信设备,20180109
2216,300737.SZ,300737,科顺股份,广东,其他建材,20180125
2217,300738.SZ,300738,奥飞数据,广东,电信运营,20180119
2218,300739.SZ,300739,明阳电路,深圳,元器件,20180201
2219,300740.SZ,300740,水羊股份,湖南,日用化工,20180208
2220,300741.SZ,300741,华宝股份,西藏,食品,20180301
2221,300742.SZ,300742,越博动力,江苏,汽车配件,20180508
2222,300743.SZ,300743,天地数码,浙江,IT设备,20180427
2223,300745.SZ,300745,欣锐科技,深圳,汽车配件,20180523
2224,300746.SZ,300746,汉嘉设计,浙江,建筑工程,20180525
2225,300747.SZ,300747,锐科激光,湖北,元器件,20180625
2226,300748.SZ,300748,金力永磁,江西,矿物制品,20180921
2227,300749.SZ,300749,顶固集创,广东,家居用品,20180925
2228,300750.SZ,300750,宁德时代,福建,电气设备,20180611
2229,300751.SZ,300751,迈为股份,江苏,专用机械,20181109
2230,300752.SZ,300752,隆利科技,深圳,元器件,20181130
2231,300753.SZ,300753,爱朋医疗,江苏,医疗保健,20181213
2233,300756.SZ,300756,金马游乐,广东,旅游服务,20181228
2237,300760.SZ,300760,迈瑞医疗,深圳,医疗保健,20181016
